week_start,cutoff_date,trigger_level,action,reason,new_docs_since_reindex,indexed_docs_at_reindex,index_coverage_gap,weekly_new_docs,velocity_per_day,baseline_velocity_per_day,staleness_rate,temporal_gap_days,temporal_gap_growth_days,rank_stability_drop
2014-03-03,2014-03-09,2,incremental_reindex,velocity_per_day=34.14>1.50x baseline=11.25,0,239,0.0,239,34.143,11.25,0.0,4106,0,
2014-05-05,2014-05-11,0,none,within_thresholds,6,239,0.025105,6,0.857,11.25,0.0,4104,-2,
2014-06-02,2014-06-08,0,none,within_thresholds,75,239,0.313808,69,9.857,11.25,0.7611,4084,-22,
2014-06-30,2014-07-06,0,none,within_thresholds,76,239,0.317992,1,0.143,11.25,0.7587,4084,-22,
2014-07-21,2014-07-27,0,none,within_thresholds,121,239,0.506276,45,6.429,11.25,0.6639,4069,-37,
2014-07-28,2014-08-03,2,incremental_reindex,velocity_per_day=20.29>1.50x baseline=11.25,263,239,1.100418,142,20.286,11.25,0.4761,4037,-69,
2014-10-20,2014-10-26,2,incremental_reindex,velocity_per_day=1407.57>1.50x baseline=11.25,10116,239,42.32636,9853,1407.571,11.25,0.0348,3880,-226,
2015-09-07,2015-09-13,1,soft_alert,staleness_rate=0.9998>0.8000 and coverage_gap=42.3347>0.0300,10118,239,42.334728,2,0.286,11.25,0.9998,3880,-226,
2015-09-21,2015-09-27,1,soft_alert,staleness_rate=0.9994>0.8000 and coverage_gap=42.3515>0.0300,10122,239,42.351464,4,0.571,11.25,0.9994,3880,-226,
2016-04-04,2016-04-10,2,incremental_reindex,staleness_rate=0.9752>0.8000 and coverage_gap=43.4519>0.0300; velocity_per_day=37.57>1.50x baseline=11.25,10385,239,43.451883,263,37.571,11.25,0.9752,3866,-240,
2016-04-25,2016-05-01,1,soft_alert,staleness_rate=0.9700>0.8000 and coverage_gap=43.6904>0.0300,10442,239,43.690377,57,8.143,11.25,0.97,3864,-242,
2016-05-02,2016-05-08,1,soft_alert,staleness_rate=0.9698>0.8000 and coverage_gap=43.7029>0.0300,10445,239,43.702929,3,0.429,11.25,0.9698,3863,-243,
2016-05-09,2016-05-15,1,soft_alert,staleness_rate=0.9664>0.8000 and coverage_gap=43.8619>0.0300,10483,239,43.861925,38,5.429,11.25,0.9664,3862,-244,
2016-05-16,2016-05-22,1,soft_alert,staleness_rate=0.9662>0.8000 and coverage_gap=43.8661>0.0300,10484,239,43.866109,1,0.143,11.25,0.9662,3861,-245,
2016-06-20,2016-06-26,1,soft_alert,staleness_rate=0.9661>0.8000 and coverage_gap=43.8745>0.0300,10486,239,43.874477,2,0.286,11.25,0.9661,3861,-245,
2016-07-25,2016-07-31,2,incremental_reindex,staleness_rate=0.9322>0.8000 and coverage_gap=46.9414>0.0300; velocity_per_day=104.71>1.50x baseline=11.25,11219,239,46.941423,733,104.714,11.25,0.9322,3821,-285,
2016-08-08,2016-08-14,2,incremental_reindex,staleness_rate=0.8638>0.8000 and coverage_gap=50.9331>0.0300; velocity_per_day=136.29>1.50x baseline=11.25,12173,239,50.933054,954,136.286,11.25,0.8638,3774,-332,
2016-08-15,2016-08-21,2,incremental_reindex,staleness_rate=0.8540>0.8000 and coverage_gap=51.5356>0.0300; velocity_per_day=20.57>1.50x baseline=11.25,12317,239,51.535565,144,20.571,11.25,0.854,3768,-338,
2016-11-07,2016-11-13,1,soft_alert,staleness_rate=0.9863>0.8000 and coverage_gap=51.6527>0.0300,12345,239,51.65272,28,4.0,11.25,0.9863,3767,-339,
2017-02-06,2017-02-12,1,soft_alert,staleness_rate=0.9998>0.8000 and coverage_gap=51.6611>0.0300,12347,239,51.661088,2,0.286,11.25,0.9998,3766,-340,
2017-02-13,2017-02-19,1,soft_alert,staleness_rate=0.9994>0.8000 and coverage_gap=51.6987>0.0300,12356,239,51.698745,9,1.286,11.25,0.9994,3766,-340,
2017-02-20,2017-02-26,1,soft_alert,staleness_rate=0.9948>0.8000 and coverage_gap=51.9289>0.0300,12411,239,51.92887,55,7.857,11.25,0.9948,3763,-343,
2017-02-27,2017-03-05,1,soft_alert,staleness_rate=0.9943>0.8000 and coverage_gap=51.9540>0.0300,12417,239,51.953975,6,0.857,11.25,0.9943,3762,-344,
2017-03-06,2017-03-12,1,soft_alert,staleness_rate=0.9942>0.8000 and coverage_gap=51.9623>0.0300,12419,239,51.962343,2,0.286,11.25,0.9942,3762,-344,
2017-04-10,2017-04-16,1,soft_alert,staleness_rate=0.9940>0.8000 and coverage_gap=51.9707>0.0300,12421,239,51.970711,2,0.286,11.25,0.994,3762,-344,
2017-04-17,2017-04-23,1,soft_alert,staleness_rate=0.9939>0.8000 and coverage_gap=51.9749>0.0300,12422,239,51.974895,1,0.143,11.25,0.9939,3762,-344,
2017-04-24,2017-04-30,1,soft_alert,staleness_rate=0.9934>0.8000 and coverage_gap=52.0042>0.0300,12429,239,52.004184,7,1.0,11.25,0.9934,3762,-344,
2017-05-01,2017-05-07,1,soft_alert,staleness_rate=0.9928>0.8000 and coverage_gap=52.0335>0.0300,12436,239,52.033473,7,1.0,11.25,0.9928,3761,-345,
2017-06-12,2017-06-18,1,soft_alert,staleness_rate=0.9987>0.8000 and coverage_gap=52.0377>0.0300,12437,239,52.037657,1,0.143,11.25,0.9987,3761,-345,
2017-07-03,2017-07-09,1,soft_alert,staleness_rate=0.9985>0.8000 and coverage_gap=52.0418>0.0300,12438,239,52.041841,1,0.143,11.25,0.9985,3761,-345,
2017-08-28,2017-09-03,1,soft_alert,staleness_rate=0.9995>0.8000 and coverage_gap=52.0586>0.0300,12442,239,52.058577,4,0.571,11.25,0.9995,3761,-345,
2017-09-04,2017-09-10,1,soft_alert,staleness_rate=0.9976>0.8000 and coverage_gap=52.1590>0.0300,12466,239,52.158996,24,3.429,11.25,0.9976,3759,-347,
2017-09-18,2017-09-24,1,soft_alert,staleness_rate=0.9975>0.8000 and coverage_gap=52.1715>0.0300,12469,239,52.171548,3,0.429,11.25,0.9975,3759,-347,
2017-09-25,2017-10-01,2,incremental_reindex,staleness_rate=0.9611>0.8000 and coverage_gap=54.1841>0.0300; velocity_per_day=68.71>1.50x baseline=11.25,12950,239,54.1841,481,68.714,11.25,0.9611,3724,-382,
2017-10-02,2017-10-08,1,soft_alert,staleness_rate=0.9585>0.8000 and coverage_gap=54.3389>0.0300,12987,239,54.338912,37,5.286,11.25,0.9585,3721,-385,
2017-10-09,2017-10-15,1,soft_alert,staleness_rate=0.9583>0.8000 and coverage_gap=54.3891>0.0300,12999,239,54.389121,12,1.714,11.25,0.9583,3721,-385,
2017-10-23,2017-10-29,1,soft_alert,staleness_rate=0.9576>0.8000 and coverage_gap=54.4059>0.0300,13003,239,54.405858,4,0.571,11.25,0.9576,3720,-386,
2017-11-20,2017-11-26,1,soft_alert,staleness_rate=0.9569>0.8000 and coverage_gap=54.4310>0.0300,13009,239,54.430962,6,0.857,11.25,0.9569,3720,-386,
2017-11-27,2017-12-03,1,soft_alert,staleness_rate=0.9572>0.8000 and coverage_gap=54.4351>0.0300,13010,239,54.435146,1,0.143,11.25,0.9572,3720,-386,
2017-12-11,2017-12-17,1,soft_alert,staleness_rate=0.9567>0.8000 and coverage_gap=54.5649>0.0300,13041,239,54.564854,31,4.429,11.25,0.9567,3717,-389,
2017-12-25,2017-12-31,1,soft_alert,staleness_rate=0.9921>0.8000 and coverage_gap=54.6234>0.0300,13055,239,54.623431,14,2.0,11.25,0.9921,3716,-390,
2018-01-01,2018-01-07,1,soft_alert,staleness_rate=0.9941>0.8000 and coverage_gap=54.6653>0.0300,13065,239,54.665272,10,1.429,11.25,0.9941,3715,-391,
2018-01-08,2018-01-14,1,soft_alert,staleness_rate=0.9929>0.8000 and coverage_gap=54.7406>0.0300,13083,239,54.740586,18,2.571,11.25,0.9929,3714,-392,
2018-01-22,2018-01-28,2,incremental_reindex,staleness_rate=0.9783>0.8000 and coverage_gap=55.6151>0.0300; velocity_per_day=29.86>1.50x baseline=11.25,13292,239,55.615063,209,29.857,11.25,0.9783,3698,-408,
2018-02-05,2018-02-11,2,incremental_reindex,staleness_rate=0.9374>0.8000 and coverage_gap=58.1381>0.0300; velocity_per_day=86.14>1.50x baseline=11.25,13895,239,58.138075,603,86.143,11.25,0.9374,3655,-451,
2018-02-26,2018-03-04,1,soft_alert,staleness_rate=0.9345>0.8000 and coverage_gap=58.3138>0.0300,13937,239,58.313808,42,6.0,11.25,0.9345,3651,-455,
2018-03-26,2018-04-01,1,soft_alert,staleness_rate=0.9373>0.8000 and coverage_gap=58.3473>0.0300,13945,239,58.34728,8,1.143,11.25,0.9373,3651,-455,
2018-04-02,2018-04-08,1,soft_alert,staleness_rate=0.9379>0.8000 and coverage_gap=58.3515>0.0300,13946,239,58.351464,1,0.143,11.25,0.9379,3651,-455,
2018-04-16,2018-04-22,1,soft_alert,staleness_rate=0.9390>0.8000 and coverage_gap=58.3598>0.0300,13948,239,58.359833,2,0.286,11.25,0.939,3650,-456,
2018-04-23,2018-04-29,1,soft_alert,staleness_rate=0.9538>0.8000 and coverage_gap=58.3682>0.0300,13950,239,58.368201,2,0.286,11.25,0.9538,3650,-456,
2018-05-14,2018-05-20,2,incremental_reindex,staleness_rate=0.9836>0.8000 and coverage_gap=59.1255>0.0300; velocity_per_day=25.86>1.50x baseline=11.25,14131,239,59.125523,181,25.857,11.25,0.9836,3637,-469,
2018-05-21,2018-05-27,1,soft_alert,staleness_rate=0.9828>0.8000 and coverage_gap=59.1757>0.0300,14143,239,59.175732,12,1.714,11.25,0.9828,3636,-470,
2018-06-18,2018-06-24,2,incremental_reindex,velocity_per_day=996.14>1.50x baseline=11.25,21116,239,88.351464,6973,996.143,11.25,0.6638,3277,-829,
2018-07-23,2018-07-29,0,none,within_thresholds,21117,239,88.355649,1,0.143,11.25,0.6643,3277,-829,
2018-08-06,2018-08-12,0,none,within_thresholds,21145,239,88.472803,28,4.0,11.25,0.6644,3277,-829,
2018-08-13,2018-08-19,0,none,within_thresholds,21147,239,88.481172,2,0.286,11.25,0.6719,3276,-830,
2018-08-20,2018-08-26,0,none,within_thresholds,21168,239,88.569038,21,3.0,11.25,0.672,3275,-831,
2018-09-03,2018-09-09,0,none,within_thresholds,21171,239,88.58159,3,0.429,11.25,0.6717,3275,-831,
2018-10-29,2018-11-04,1,soft_alert,staleness_rate=0.9973>0.8000 and coverage_gap=88.5941>0.0300,21174,239,88.594142,3,0.429,11.25,0.9973,3275,-831,
2018-11-19,2018-11-25,1,soft_alert,staleness_rate=0.9995>0.8000 and coverage_gap=88.6025>0.0300,21176,239,88.60251,2,0.286,11.25,0.9995,3275,-831,
2018-12-03,2018-12-09,1,soft_alert,staleness_rate=0.9989>0.8000 and coverage_gap=88.6820>0.0300,21195,239,88.682008,19,2.714,11.25,0.9989,3274,-832,
2018-12-31,2019-01-06,1,soft_alert,staleness_rate=0.9987>0.8000 and coverage_gap=88.6987>0.0300,21199,239,88.698745,4,0.571,11.25,0.9987,3274,-832,
2019-02-11,2019-02-17,1,soft_alert,staleness_rate=0.9987>0.8000 and coverage_gap=88.7113>0.0300,21202,239,88.711297,3,0.429,11.25,0.9987,3274,-832,
2019-02-18,2019-02-24,1,soft_alert,staleness_rate=0.9983>0.8000 and coverage_gap=88.7490>0.0300,21211,239,88.748954,9,1.286,11.25,0.9983,3273,-833,
2019-02-25,2019-03-03,1,soft_alert,staleness_rate=0.9982>0.8000 and coverage_gap=88.7615>0.0300,21214,239,88.761506,3,0.429,11.25,0.9982,3273,-833,
2019-03-11,2019-03-17,1,soft_alert,staleness_rate=0.9991>0.8000 and coverage_gap=88.7699>0.0300,21216,239,88.769874,2,0.286,11.25,0.9991,3273,-833,
2019-03-18,2019-03-24,2,incremental_reindex,staleness_rate=0.9990>0.8000 and coverage_gap=89.5732>0.0300; velocity_per_day=27.43>1.50x baseline=11.25,21408,239,89.573222,192,27.429,11.25,0.999,3273,-833,
2019-04-15,2019-04-21,2,incremental_reindex,staleness_rate=0.9760>0.8000 and coverage_gap=90.9038>0.0300; velocity_per_day=45.43>1.50x baseline=11.25,21726,239,90.903766,318,45.429,11.25,0.976,3249,-857,
2019-04-29,2019-05-05,1,soft_alert,staleness_rate=0.9733>0.8000 and coverage_gap=91.1632>0.0300,21788,239,91.16318,62,8.857,11.25,0.9733,3246,-860,
2019-05-20,2019-05-26,1,soft_alert,staleness_rate=0.9735>0.8000 and coverage_gap=91.1883>0.0300,21794,239,91.188285,6,0.857,11.25,0.9735,3246,-860,
2019-06-03,2019-06-09,2,incremental_reindex,staleness_rate=0.8337>0.8000 and coverage_gap=106.8954>0.0300; velocity_per_day=536.29>1.50x baseline=11.25,25548,239,106.895397,3754,536.286,11.25,0.8337,3094,-1012,
2019-06-10,2019-06-16,2,incremental_reindex,staleness_rate=0.8077>0.8000 and coverage_gap=110.1297>0.0300; velocity_per_day=110.43>1.50x baseline=11.25,26321,239,110.129707,773,110.429,11.25,0.8077,3065,-1041,
2019-07-01,2019-07-07,1,soft_alert,staleness_rate=0.8150>0.8000 and coverage_gap=110.1339>0.0300,26322,239,110.133891,1,0.143,11.25,0.815,3065,-1041,
2019-07-08,2019-07-14,2,incremental_reindex,staleness_rate=0.8107>0.8000 and coverage_gap=110.7280>0.0300; velocity_per_day=20.29>1.50x baseline=11.25,26464,239,110.728033,142,20.286,11.25,0.8107,3060,-1046,
2019-08-05,2019-08-11,1,soft_alert,staleness_rate=0.8245>0.8000 and coverage_gap=110.7824>0.0300,26477,239,110.782427,13,1.857,11.25,0.8245,3060,-1046,
2019-09-02,2019-09-08,1,soft_alert,staleness_rate=0.9631>0.8000 and coverage_gap=110.9038>0.0300,26506,239,110.903766,29,4.143,11.25,0.9631,3060,-1046,
2019-10-28,2019-11-03,1,soft_alert,staleness_rate=0.9983>0.8000 and coverage_gap=110.9163>0.0300,26509,239,110.916318,3,0.429,11.25,0.9983,3059,-1047,
2019-11-04,2019-11-10,2,incremental_reindex,staleness_rate=0.9819>0.8000 and coverage_gap=112.8410>0.0300; velocity_per_day=65.71>1.50x baseline=11.25,26969,239,112.841004,460,65.714,11.25,0.9819,3041,-1065,
2019-11-11,2019-11-17,1,soft_alert,staleness_rate=0.9818>0.8000 and coverage_gap=112.8494>0.0300,26971,239,112.849372,2,0.286,11.25,0.9818,3041,-1065,
2019-11-25,2019-12-01,1,soft_alert,staleness_rate=0.9795>0.8000 and coverage_gap=113.1172>0.0300,27035,239,113.117155,64,9.143,11.25,0.9795,3039,-1067,
2019-12-02,2019-12-08,1,soft_alert,staleness_rate=0.9770>0.8000 and coverage_gap=113.4100>0.0300,27105,239,113.410042,70,10.0,11.25,0.977,3036,-1070,
2019-12-30,2020-01-05,1,soft_alert,staleness_rate=0.9776>0.8000 and coverage_gap=113.5021>0.0300,27127,239,113.502092,22,3.143,11.25,0.9776,3036,-1070,
2020-01-06,2020-01-12,2,incremental_reindex,staleness_rate=0.9773>0.8000 and coverage_gap=114.2176>0.0300; velocity_per_day=24.43>1.50x baseline=11.25,27298,239,114.217573,171,24.429,11.25,0.9773,3035,-1071,
2020-01-13,2020-01-19,1,soft_alert,staleness_rate=0.9698>0.8000 and coverage_gap=114.3891>0.0300,27339,239,114.389121,41,5.857,11.25,0.9698,3027,-1079,
2020-01-27,2020-02-02,1,soft_alert,staleness_rate=0.9667>0.8000 and coverage_gap=114.7657>0.0300,27429,239,114.76569,90,12.857,11.25,0.9667,3024,-1082,
2020-02-10,2020-02-16,1,soft_alert,staleness_rate=0.9827>0.8000 and coverage_gap=114.8494>0.0300,27449,239,114.849372,20,2.857,11.25,0.9827,3023,-1083,
2020-02-17,2020-02-23,1,soft_alert,staleness_rate=0.9826>0.8000 and coverage_gap=114.8661>0.0300,27453,239,114.866109,4,0.571,11.25,0.9826,3023,-1083,
2020-02-24,2020-03-01,1,soft_alert,staleness_rate=0.9824>0.8000 and coverage_gap=115.1632>0.0300,27524,239,115.16318,71,10.143,11.25,0.9824,3020,-1086,
2020-03-09,2020-03-15,1,soft_alert,staleness_rate=0.9846>0.8000 and coverage_gap=115.2050>0.0300,27534,239,115.205021,10,1.429,11.25,0.9846,3020,-1086,
2020-03-16,2020-03-22,1,soft_alert,staleness_rate=0.9813>0.8000 and coverage_gap=115.6025>0.0300,27629,239,115.60251,95,13.571,11.25,0.9813,3016,-1090,
2020-03-23,2020-03-29,1,soft_alert,staleness_rate=0.9793>0.8000 and coverage_gap=115.8285>0.0300,27683,239,115.828452,54,7.714,11.25,0.9793,3014,-1092,
2020-03-30,2020-04-05,2,incremental_reindex,staleness_rate=0.9796>0.8000 and coverage_gap=117.1883>0.0300; velocity_per_day=46.43>1.50x baseline=11.25,28008,239,117.188285,325,46.429,11.25,0.9796,3013,-1093,
2020-04-06,2020-04-12,2,incremental_reindex,staleness_rate=0.9552>0.8000 and coverage_gap=118.8912>0.0300; velocity_per_day=58.14>1.50x baseline=11.25,28415,239,118.891213,407,58.143,11.25,0.9552,2985,-1121,
2020-04-13,2020-04-19,1,soft_alert,staleness_rate=0.9606>0.8000 and coverage_gap=119.1255>0.0300,28471,239,119.125523,56,8.0,11.25,0.9606,2982,-1124,
2020-04-20,2020-04-26,1,soft_alert,staleness_rate=0.9605>0.8000 and coverage_gap=119.3347>0.0300,28521,239,119.334728,50,7.143,11.25,0.9605,2982,-1124,
2020-04-27,2020-05-03,1,soft_alert,staleness_rate=0.9582>0.8000 and coverage_gap=119.8201>0.0300,28637,239,119.820084,116,16.571,11.25,0.9582,2976,-1130,
2020-05-11,2020-05-17,2,incremental_reindex,staleness_rate=0.9417>0.8000 and coverage_gap=122.0335>0.0300; velocity_per_day=75.57>1.50x baseline=11.25,29166,239,122.033473,529,75.571,11.25,0.9417,2956,-1150,
2020-05-18,2020-05-24,2,incremental_reindex,staleness_rate=0.9374>0.8000 and coverage_gap=123.4184>0.0300; velocity_per_day=47.29>1.50x baseline=11.25,29497,239,123.41841,331,47.286,11.25,0.9374,2951,-1155,
2020-05-25,2020-05-31,1,soft_alert,staleness_rate=0.9316>0.8000 and coverage_gap=123.7699>0.0300,29581,239,123.769874,84,12.0,11.25,0.9316,2941,-1165,
2020-06-01,2020-06-07,2,incremental_reindex,staleness_rate=0.9291>0.8000 and coverage_gap=124.6318>0.0300; velocity_per_day=29.43>1.50x baseline=11.25,29787,239,124.631799,206,29.429,11.25,0.9291,2938,-1168,
2020-06-08,2020-06-14,2,incremental_reindex,staleness_rate=0.9050>0.8000 and coverage_gap=127.9498>0.0300; velocity_per_day=113.29>1.50x baseline=11.25,30580,239,127.949791,793,113.286,11.25,0.905,2908,-1198,
2020-06-15,2020-06-21,2,incremental_reindex,velocity_per_day=653.57>1.50x baseline=11.25,35155,239,147.09205,4575,653.571,11.25,0.7926,2769,-1337,
2020-06-22,2020-06-28,2,incremental_reindex,velocity_per_day=27.00>1.50x baseline=11.25,35344,239,147.882845,189,27.0,11.25,0.7847,2757,-1349,
2020-06-29,2020-07-05,0,none,within_thresholds,35347,239,147.895397,3,0.429,11.25,0.7849,2757,-1349,
2020-07-06,2020-07-12,2,incremental_reindex,velocity_per_day=99.57>1.50x baseline=11.25,36044,239,150.811715,697,99.571,11.25,0.7946,2744,-1362,
2020-07-13,2020-07-19,0,none,within_thresholds,36081,239,150.966527,37,5.286,11.25,0.7905,2737,-1369,
2020-07-27,2020-08-02,0,none,within_thresholds,36136,239,151.196653,55,7.857,11.25,0.7938,2736,-1370,
2020-08-03,2020-08-09,2,incremental_reindex,velocity_per_day=47.57>1.50x baseline=11.25,36469,239,152.589958,333,47.571,11.25,0.7866,2727,-1379,
2020-08-10,2020-08-16,0,none,within_thresholds,36517,239,152.790795,48,6.857,11.25,0.8,2726,-1380,
2020-08-31,2020-09-06,2,incremental_reindex,staleness_rate=0.8080>0.8000 and coverage_gap=153.7531>0.0300; velocity_per_day=32.86>1.50x baseline=11.25,36747,239,153.753138,230,32.857,11.25,0.808,2720,-1386,
2020-09-07,2020-09-13,2,incremental_reindex,staleness_rate=0.8168>0.8000 and coverage_gap=156.1925>0.0300; velocity_per_day=83.29>1.50x baseline=11.25,37330,239,156.192469,583,83.286,11.25,0.8168,2704,-1402,
2020-09-14,2020-09-20,1,soft_alert,staleness_rate=0.9354>0.8000 and coverage_gap=156.2636>0.0300,37347,239,156.263598,17,2.429,11.25,0.9354,2704,-1402,
2020-09-21,2020-09-27,1,soft_alert,staleness_rate=0.9466>0.8000 and coverage_gap=156.2762>0.0300,37350,239,156.276151,3,0.429,11.25,0.9466,2704,-1402,
2020-09-28,2020-10-04,1,soft_alert,staleness_rate=0.9457>0.8000 and coverage_gap=156.4477>0.0300,37391,239,156.447699,41,5.857,11.25,0.9457,2703,-1403,
2020-10-05,2020-10-11,2,incremental_reindex,staleness_rate=0.9552>0.8000 and coverage_gap=156.9582>0.0300; velocity_per_day=17.43>1.50x baseline=11.25,37513,239,156.958159,122,17.429,11.25,0.9552,2699,-1407,
2020-10-12,2020-10-18,2,incremental_reindex,staleness_rate=0.9562>0.8000 and coverage_gap=157.9289>0.0300; velocity_per_day=33.14>1.50x baseline=11.25,37745,239,157.92887,232,33.143,11.25,0.9562,2693,-1413,
2020-10-19,2020-10-25,1,soft_alert,staleness_rate=0.9561>0.8000 and coverage_gap=157.9414>0.0300,37748,239,157.941423,3,0.429,11.25,0.9561,2693,-1413,
2020-10-26,2020-11-01,1,soft_alert,staleness_rate=0.9574>0.8000 and coverage_gap=158.0084>0.0300,37764,239,158.008368,16,2.286,11.25,0.9574,2693,-1413,
2020-11-02,2020-11-08,1,soft_alert,staleness_rate=0.9656>0.8000 and coverage_gap=158.0669>0.0300,37778,239,158.066946,14,2.0,11.25,0.9656,2692,-1414,
2020-11-09,2020-11-15,1,soft_alert,staleness_rate=0.9664>0.8000 and coverage_gap=158.1297>0.0300,37793,239,158.129707,15,2.143,11.25,0.9664,2692,-1414,
2020-11-16,2020-11-22,1,soft_alert,staleness_rate=0.9647>0.8000 and coverage_gap=158.4184>0.0300,37862,239,158.41841,69,9.857,11.25,0.9647,2690,-1416,
2020-11-23,2020-11-29,2,incremental_reindex,staleness_rate=0.9571>0.8000 and coverage_gap=160.9833>0.0300; velocity_per_day=87.57>1.50x baseline=11.25,38475,239,160.983264,613,87.571,11.25,0.9571,2682,-1424,
2020-11-30,2020-12-06,2,incremental_reindex,staleness_rate=0.9487>0.8000 and coverage_gap=162.1339>0.0300; velocity_per_day=39.29>1.50x baseline=11.25,38750,239,162.133891,275,39.286,11.25,0.9487,2666,-1440,
2020-12-07,2020-12-13,2,incremental_reindex,staleness_rate=0.9573>0.8000 and coverage_gap=163.1967>0.0300; velocity_per_day=36.29>1.50x baseline=11.25,39004,239,163.196653,254,36.286,11.25,0.9573,2659,-1447,
2020-12-14,2020-12-20,2,incremental_reindex,staleness_rate=0.9403>0.8000 and coverage_gap=167.3347>0.0300; velocity_per_day=141.29>1.50x baseline=11.25,39993,239,167.334728,989,141.286,11.25,0.9403,2641,-1465,
2020-12-21,2020-12-27,2,incremental_reindex,velocity_per_day=1546.29>1.50x baseline=11.25,50817,239,212.623431,10824,1546.286,11.25,0.7378,2420,-1686,
2021-01-04,2021-01-10,2,incremental_reindex,velocity_per_day=216.71>1.50x baseline=11.25,52334,239,218.970711,1517,216.714,11.25,0.7189,2396,-1710,
2021-01-11,2021-01-17,0,none,within_thresholds,52412,239,219.297071,78,11.143,11.25,0.7222,2395,-1711,
2021-01-18,2021-01-24,2,incremental_reindex,velocity_per_day=162.71>1.50x baseline=11.25,53551,239,224.062762,1139,162.714,11.25,0.712,2384,-1722,
2021-01-25,2021-01-31,2,incremental_reindex,velocity_per_day=26.29>1.50x baseline=11.25,53735,239,224.832636,184,26.286,11.25,0.7039,2374,-1732,
2021-02-01,2021-02-07,2,incremental_reindex,velocity_per_day=34.86>1.50x baseline=11.25,53979,239,225.853556,244,34.857,11.25,0.7012,2371,-1735,
2021-02-08,2021-02-14,2,incremental_reindex,velocity_per_day=18.29>1.50x baseline=11.25,54107,239,226.389121,128,18.286,11.25,0.6998,2369,-1737,
2021-02-15,2021-02-21,2,incremental_reindex,velocity_per_day=76.00>1.50x baseline=11.25,54639,239,228.615063,532,76.0,11.25,0.6948,2362,-1744,
2021-02-22,2021-02-28,2,incremental_reindex,velocity_per_day=59.57>1.50x baseline=11.25,55056,239,230.359833,417,59.571,11.25,0.6945,2355,-1751,
2021-03-01,2021-03-07,2,incremental_reindex,velocity_per_day=223.14>1.50x baseline=11.25,56618,239,236.895397,1562,223.143,11.25,0.6857,2333,-1773,
2021-03-08,2021-03-14,0,none,within_thresholds,56625,239,236.924686,7,1.0,11.25,0.6901,2333,-1773,
2021-03-15,2021-03-21,0,none,within_thresholds,56631,239,236.949791,6,0.857,11.25,0.7029,2333,-1773,
2021-03-22,2021-03-28,1,soft_alert,staleness_rate=0.8949>0.8000 and coverage_gap=237.2301>0.0300,56698,239,237.230126,67,9.571,11.25,0.8949,2332,-1774,
2021-03-29,2021-04-04,2,incremental_reindex,staleness_rate=0.8919>0.8000 and coverage_gap=238.5188>0.0300; velocity_per_day=44.00>1.50x baseline=11.25,57006,239,238.518828,308,44.0,11.25,0.8919,2327,-1779,
2021-04-05,2021-04-11,2,incremental_reindex,staleness_rate=0.9155>0.8000 and coverage_gap=239.1339>0.0300; velocity_per_day=21.00>1.50x baseline=11.25,57153,239,239.133891,147,21.0,11.25,0.9155,2326,-1780,
2021-04-12,2021-04-18,2,incremental_reindex,staleness_rate=0.9114>0.8000 and coverage_gap=240.5523>0.0300; velocity_per_day=48.43>1.50x baseline=11.25,57492,239,240.552301,339,48.429,11.25,0.9114,2321,-1785,
2021-04-19,2021-04-25,2,incremental_reindex,staleness_rate=0.8947>0.8000 and coverage_gap=249.1046>0.0300; velocity_per_day=292.00>1.50x baseline=11.25,59536,239,249.104603,2044,292.0,11.25,0.8947,2294,-1812,
2021-04-26,2021-05-02,2,incremental_reindex,staleness_rate=0.8836>0.8000 and coverage_gap=255.0377>0.0300; velocity_per_day=202.57>1.50x baseline=11.25,60954,239,255.037657,1418,202.571,11.25,0.8836,2275,-1831,
2021-05-03,2021-05-09,2,incremental_reindex,staleness_rate=0.8822>0.8000 and coverage_gap=256.1339>0.0300; velocity_per_day=37.43>1.50x baseline=11.25,61216,239,256.133891,262,37.429,11.25,0.8822,2271,-1835,
2021-05-10,2021-05-16,2,incremental_reindex,staleness_rate=0.8735>0.8000 and coverage_gap=259.7113>0.0300; velocity_per_day=122.14>1.50x baseline=11.25,62071,239,259.711297,855,122.143,11.25,0.8735,2261,-1845,
2021-05-17,2021-05-23,2,incremental_reindex,staleness_rate=0.8578>0.8000 and coverage_gap=266.5063>0.0300; velocity_per_day=232.00>1.50x baseline=11.25,63695,239,266.506276,1624,232.0,11.25,0.8578,2240,-1866,
2021-05-24,2021-05-30,2,incremental_reindex,staleness_rate=0.8565>0.8000 and coverage_gap=270.2510>0.0300; velocity_per_day=127.86>1.50x baseline=11.25,64590,239,270.251046,895,127.857,11.25,0.8565,2232,-1874,
2021-05-31,2021-06-06,2,incremental_reindex,staleness_rate=0.8530>0.8000 and coverage_gap=278.3222>0.0300; velocity_per_day=275.57>1.50x baseline=11.25,66519,239,278.322176,1929,275.571,11.25,0.853,2208,-1898,
2021-06-07,2021-06-13,2,incremental_reindex,staleness_rate=0.8376>0.8000 and coverage_gap=283.0586>0.0300; velocity_per_day=161.71>1.50x baseline=11.25,67651,239,283.058577,1132,161.714,11.25,0.8376,2194,-1912,
2021-06-14,2021-06-20,2,incremental_reindex,staleness_rate=0.8201>0.8000 and coverage_gap=289.4854>0.0300; velocity_per_day=219.43>1.50x baseline=11.25,69187,239,289.485356,1536,219.429,11.25,0.8201,2178,-1928,
2021-06-21,2021-06-27,2,incremental_reindex,velocity_per_day=304.29>1.50x baseline=11.25,71317,239,298.39749,2130,304.286,11.25,0.7975,2157,-1949,
2021-06-28,2021-07-04,0,none,within_thresholds,71406,239,298.769874,89,12.714,11.25,0.799,2155,-1951,
2021-07-12,2021-07-18,1,soft_alert,staleness_rate=0.8055>0.8000 and coverage_gap=298.7824>0.0300,71409,239,298.782427,3,0.429,11.25,0.8055,2155,-1951,
2021-07-19,2021-07-25,2,incremental_reindex,staleness_rate=0.8240>0.8000 and coverage_gap=301.7531>0.0300; velocity_per_day=101.43>1.50x baseline=11.25,72119,239,301.753138,710,101.429,11.25,0.824,2147,-1959,
2021-07-26,2021-08-01,1,soft_alert,staleness_rate=0.8441>0.8000 and coverage_gap=301.7866>0.0300,72127,239,301.786611,8,1.143,11.25,0.8441,2147,-1959,
2021-08-02,2021-08-08,2,incremental_reindex,staleness_rate=0.8390>0.8000 and coverage_gap=305.4603>0.0300; velocity_per_day=125.43>1.50x baseline=11.25,73005,239,305.460251,878,125.429,11.25,0.839,2138,-1968,
2021-08-09,2021-08-15,2,incremental_reindex,staleness_rate=0.8380>0.8000 and coverage_gap=309.6360>0.0300; velocity_per_day=142.57>1.50x baseline=11.25,74003,239,309.635983,998,142.571,11.25,0.838,2128,-1978,
2021-08-16,2021-08-22,2,incremental_reindex,staleness_rate=0.8505>0.8000 and coverage_gap=314.2636>0.0300; velocity_per_day=158.00>1.50x baseline=11.25,75109,239,314.263598,1106,158.0,11.25,0.8505,2119,-1987,
2021-08-23,2021-08-29,1,soft_alert,staleness_rate=0.8561>0.8000 and coverage_gap=314.5356>0.0300,75174,239,314.535565,65,9.286,11.25,0.8561,2116,-1990,
2021-08-30,2021-09-05,1,soft_alert,staleness_rate=0.8826>0.8000 and coverage_gap=315.0084>0.0300,75287,239,315.008368,113,16.143,11.25,0.8826,2115,-1991,
2021-09-06,2021-09-12,2,incremental_reindex,staleness_rate=0.8954>0.8000 and coverage_gap=316.2385>0.0300; velocity_per_day=42.00>1.50x baseline=11.25,75581,239,316.238494,294,42.0,11.25,0.8954,2112,-1994,
2021-09-13,2021-09-19,1,soft_alert,staleness_rate=0.9139>0.8000 and coverage_gap=316.5105>0.0300,75646,239,316.51046,65,9.286,11.25,0.9139,2112,-1994,
2021-09-27,2021-10-03,2,incremental_reindex,staleness_rate=0.9380>0.8000 and coverage_gap=318.6025>0.0300; velocity_per_day=71.43>1.50x baseline=11.25,76146,239,318.60251,500,71.429,11.25,0.938,2107,-1999,
2021-10-04,2021-10-10,2,incremental_reindex,staleness_rate=0.9357>0.8000 and coverage_gap=319.3808>0.0300; velocity_per_day=26.57>1.50x baseline=11.25,76332,239,319.380753,186,26.571,11.25,0.9357,2105,-2001,
2021-10-11,2021-10-17,2,incremental_reindex,staleness_rate=0.9251>0.8000 and coverage_gap=323.2176>0.0300; velocity_per_day=131.00>1.50x baseline=11.25,77249,239,323.217573,917,131.0,11.25,0.9251,2096,-2010,
2021-10-18,2021-10-24,2,incremental_reindex,staleness_rate=0.9287>0.8000 and coverage_gap=325.0000>0.0300; velocity_per_day=60.86>1.50x baseline=11.25,77675,239,325.0,426,60.857,11.25,0.9287,2091,-2015,
2021-10-25,2021-10-31,2,incremental_reindex,staleness_rate=0.9046>0.8000 and coverage_gap=333.7531>0.0300; velocity_per_day=298.86>1.50x baseline=11.25,79767,239,333.753138,2092,298.857,11.25,0.9046,2071,-2035,
2021-11-01,2021-11-07,1,soft_alert,staleness_rate=0.9152>0.8000 and coverage_gap=333.8661>0.0300,79794,239,333.866109,27,3.857,11.25,0.9152,2071,-2035,
2021-11-08,2021-11-14,2,incremental_reindex,staleness_rate=0.9162>0.8000 and coverage_gap=338.2803>0.0300; velocity_per_day=150.71>1.50x baseline=11.25,80849,239,338.280335,1055,150.714,11.25,0.9162,2061,-2045,
2021-11-15,2021-11-21,2,incremental_reindex,staleness_rate=0.9254>0.8000 and coverage_gap=340.5021>0.0300; velocity_per_day=75.86>1.50x baseline=11.25,81380,239,340.502092,531,75.857,11.25,0.9254,2059,-2047,
2021-11-22,2021-11-28,1,soft_alert,staleness_rate=0.9236>0.8000 and coverage_gap=340.6485>0.0300,81415,239,340.648536,35,5.0,11.25,0.9236,2055,-2051,
2021-11-29,2021-12-05,2,incremental_reindex,staleness_rate=0.9181>0.8000 and coverage_gap=344.8703>0.0300; velocity_per_day=144.14>1.50x baseline=11.25,82424,239,344.870293,1009,144.143,11.25,0.9181,2049,-2057,
2021-12-06,2021-12-12,2,incremental_reindex,staleness_rate=0.9123>0.8000 and coverage_gap=349.6653>0.0300; velocity_per_day=163.71>1.50x baseline=11.25,83570,239,349.665272,1146,163.714,11.25,0.9123,2042,-2064,
2021-12-13,2021-12-19,2,incremental_reindex,staleness_rate=0.8838>0.8000 and coverage_gap=358.5105>0.0300; velocity_per_day=302.00>1.50x baseline=11.25,85684,239,358.51046,2114,302.0,11.25,0.8838,2017,-2089,
2021-12-20,2021-12-26,2,incremental_reindex,staleness_rate=0.8751>0.8000 and coverage_gap=362.1632>0.0300; velocity_per_day=124.71>1.50x baseline=11.25,86557,239,362.16318,873,124.714,11.25,0.8751,2009,-2097,
2021-12-27,2022-01-02,2,incremental_reindex,staleness_rate=0.8080>0.8000 and coverage_gap=412.4854>0.0300; velocity_per_day=1718.14>1.50x baseline=11.25,98584,239,412.485356,12027,1718.143,11.25,0.808,1946,-2160,
2022-01-03,2022-01-09,2,incremental_reindex,velocity_per_day=1160.00>1.50x baseline=11.25,106704,239,446.460251,8120,1160.0,11.25,0.736,1882,-2224,
2022-01-10,2022-01-16,2,incremental_reindex,velocity_per_day=1597.14>1.50x baseline=11.25,117884,239,493.238494,11180,1597.143,11.25,0.6557,1805,-2301,
2022-01-31,2022-02-06,2,incremental_reindex,velocity_per_day=23.71>1.50x baseline=11.25,118050,239,493.933054,166,23.714,11.25,0.6766,1804,-2302,
2022-02-07,2022-02-13,0,none,within_thresholds,118075,239,494.037657,25,3.571,11.25,0.6849,1804,-2302,
2022-02-14,2022-02-20,2,incremental_reindex,velocity_per_day=269.43>1.50x baseline=11.25,119961,239,501.92887,1886,269.429,11.25,0.6863,1804,-2302,
2022-02-21,2022-02-27,2,incremental_reindex,velocity_per_day=3350.43>1.50x baseline=11.25,143414,239,600.058577,23453,3350.429,11.25,0.5873,1713,-2393,
2022-02-28,2022-03-06,2,incremental_reindex,velocity_per_day=960.14>1.50x baseline=11.25,150135,239,628.179916,6721,960.143,11.25,0.547,1673,-2433,
2022-03-07,2022-03-13,2,incremental_reindex,velocity_per_day=106.71>1.50x baseline=11.25,150882,239,631.305439,747,106.714,11.25,0.5499,1671,-2435,
2022-03-14,2022-03-20,2,incremental_reindex,velocity_per_day=455.14>1.50x baseline=11.25,154068,239,644.635983,3186,455.143,11.25,0.559,1663,-2443,
2022-03-28,2022-04-03,0,none,within_thresholds,154070,239,644.644351,2,0.286,11.25,0.6126,1660,-2446,
2022-04-04,2022-04-10,2,incremental_reindex,velocity_per_day=206.71>1.50x baseline=11.25,155517,239,650.698745,1447,206.714,11.25,0.6679,1656,-2450,
2022-04-11,2022-04-17,2,incremental_reindex,velocity_per_day=20.14>1.50x baseline=11.25,155658,239,651.288703,141,20.143,11.25,0.7577,1655,-2451,
2022-04-18,2022-04-24,2,incremental_reindex,velocity_per_day=536.86>1.50x baseline=11.25,159416,239,667.012552,3758,536.857,11.25,0.7529,1652,-2454,
2022-04-25,2022-05-01,2,incremental_reindex,velocity_per_day=781.86>1.50x baseline=11.25,164889,239,689.912134,5473,781.857,11.25,0.7159,1626,-2480,
2022-05-02,2022-05-08,2,incremental_reindex,velocity_per_day=796.57>1.50x baseline=11.25,170465,239,713.242678,5576,796.571,11.25,0.6929,1610,-2496,
2022-05-09,2022-05-15,2,incremental_reindex,velocity_per_day=483.57>1.50x baseline=11.25,173850,239,727.405858,3385,483.571,11.25,0.6832,1602,-2504,
2022-05-16,2022-05-22,2,incremental_reindex,velocity_per_day=2484.71>1.50x baseline=11.25,191243,239,800.179916,17393,2484.714,11.25,0.6181,1555,-2551,
2022-05-23,2022-05-29,2,incremental_reindex,velocity_per_day=158.14>1.50x baseline=11.25,192350,239,804.811715,1107,158.143,11.25,0.7218,1553,-2553,
2022-05-30,2022-06-05,2,incremental_reindex,velocity_per_day=28.86>1.50x baseline=11.25,192552,239,805.656904,202,28.857,11.25,0.78,1552,-2554,
2022-06-06,2022-06-12,2,incremental_reindex,velocity_per_day=301.43>1.50x baseline=11.25,194662,239,814.485356,2110,301.429,11.25,0.7754,1547,-2559,
2022-06-13,2022-06-19,2,incremental_reindex,velocity_per_day=74.14>1.50x baseline=11.25,195181,239,816.656904,519,74.143,11.25,0.786,1546,-2560,
2022-06-20,2022-06-26,2,incremental_reindex,velocity_per_day=73.43>1.50x baseline=11.25,195695,239,818.807531,514,73.429,11.25,0.7876,1545,-2561,
2022-06-27,2022-07-03,2,incremental_reindex,velocity_per_day=195.71>1.50x baseline=11.25,197065,239,824.539749,1370,195.714,11.25,0.7855,1543,-2563,
2022-07-04,2022-07-10,2,incremental_reindex,velocity_per_day=46.00>1.50x baseline=11.25,197387,239,825.887029,322,46.0,11.25,0.7885,1541,-2565,
2022-07-11,2022-07-17,2,incremental_reindex,velocity_per_day=123.57>1.50x baseline=11.25,198252,239,829.506276,865,123.571,11.25,0.7857,1539,-2567,
2022-07-18,2022-07-24,2,incremental_reindex,velocity_per_day=88.57>1.50x baseline=11.25,198872,239,832.100418,620,88.571,11.25,0.7881,1537,-2569,
2022-07-25,2022-07-31,2,incremental_reindex,staleness_rate=0.8243>0.8000 and coverage_gap=836.5649>0.0300; velocity_per_day=152.43>1.50x baseline=11.25,199939,239,836.564854,1067,152.429,11.25,0.8243,1534,-2572,
2022-08-01,2022-08-07,2,incremental_reindex,staleness_rate=0.8511>0.8000 and coverage_gap=838.2092>0.0300; velocity_per_day=56.14>1.50x baseline=11.25,200332,239,838.209205,393,56.143,11.25,0.8511,1533,-2573,
2022-08-08,2022-08-14,2,incremental_reindex,staleness_rate=0.8557>0.8000 and coverage_gap=845.7782>0.0300; velocity_per_day=258.43>1.50x baseline=11.25,202141,239,845.778243,1809,258.429,11.25,0.8557,1529,-2577,
2022-08-15,2022-08-21,2,incremental_reindex,staleness_rate=0.9427>0.8000 and coverage_gap=848.7280>0.0300; velocity_per_day=100.71>1.50x baseline=11.25,202846,239,848.728033,705,100.714,11.25,0.9427,1527,-2579,
2022-08-22,2022-08-28,2,incremental_reindex,staleness_rate=0.9445>0.8000 and coverage_gap=852.7155>0.0300; velocity_per_day=136.14>1.50x baseline=11.25,203799,239,852.715481,953,136.143,11.25,0.9445,1525,-2581,
2022-08-29,2022-09-04,2,incremental_reindex,staleness_rate=0.9376>0.8000 and coverage_gap=859.3598>0.0300; velocity_per_day=226.86>1.50x baseline=11.25,205387,239,859.359833,1588,226.857,11.25,0.9376,1521,-2585,
2022-09-19,2022-09-25,2,incremental_reindex,staleness_rate=0.9517>0.8000 and coverage_gap=860.5816>0.0300; velocity_per_day=41.71>1.50x baseline=11.25,205679,239,860.58159,292,41.714,11.25,0.9517,1520,-2586,
2022-09-26,2022-10-02,2,incremental_reindex,staleness_rate=0.9534>0.8000 and coverage_gap=861.1883>0.0300; velocity_per_day=20.71>1.50x baseline=11.25,205824,239,861.188285,145,20.714,11.25,0.9534,1519,-2587,
2022-10-03,2022-10-09,2,incremental_reindex,staleness_rate=0.9458>0.8000 and coverage_gap=874.4351>0.0300; velocity_per_day=452.29>1.50x baseline=11.25,208990,239,874.435146,3166,452.286,11.25,0.9458,1512,-2594,
2022-10-10,2022-10-16,2,incremental_reindex,staleness_rate=0.9430>0.8000 and coverage_gap=879.3682>0.0300; velocity_per_day=168.43>1.50x baseline=11.25,210169,239,879.368201,1179,168.429,11.25,0.943,1508,-2598,
2022-10-17,2022-10-23,2,incremental_reindex,staleness_rate=0.9393>0.8000 and coverage_gap=885.8243>0.0300; velocity_per_day=220.43>1.50x baseline=11.25,211712,239,885.824268,1543,220.429,11.25,0.9393,1504,-2602,
2022-10-24,2022-10-30,2,incremental_reindex,staleness_rate=0.9380>0.8000 and coverage_gap=892.9791>0.0300; velocity_per_day=244.29>1.50x baseline=11.25,213422,239,892.979079,1710,244.286,11.25,0.938,1500,-2606,
2022-10-31,2022-11-06,2,incremental_reindex,staleness_rate=0.9330>0.8000 and coverage_gap=899.6234>0.0300; velocity_per_day=226.86>1.50x baseline=11.25,215010,239,899.623431,1588,226.857,11.25,0.933,1496,-2610,
2022-11-07,2022-11-13,2,incremental_reindex,staleness_rate=0.9314>0.8000 and coverage_gap=910.6067>0.0300; velocity_per_day=375.00>1.50x baseline=11.25,217635,239,910.606695,2625,375.0,11.25,0.9314,1490,-2616,
2022-11-14,2022-11-20,2,incremental_reindex,staleness_rate=0.9251>0.8000 and coverage_gap=918.1967>0.0300; velocity_per_day=259.14>1.50x baseline=11.25,219449,239,918.196653,1814,259.143,11.25,0.9251,1484,-2622,
2022-11-21,2022-11-27,2,incremental_reindex,staleness_rate=0.9211>0.8000 and coverage_gap=927.4477>0.0300; velocity_per_day=315.86>1.50x baseline=11.25,221660,239,927.447699,2211,315.857,11.25,0.9211,1480,-2626,
2022-11-28,2022-12-04,2,incremental_reindex,staleness_rate=0.9166>0.8000 and coverage_gap=937.9079>0.0300; velocity_per_day=357.14>1.50x baseline=11.25,224160,239,937.90795,2500,357.143,11.25,0.9166,1472,-2634,
2022-12-05,2022-12-11,2,incremental_reindex,staleness_rate=0.9115>0.8000 and coverage_gap=943.4854>0.0300; velocity_per_day=190.43>1.50x baseline=11.25,225493,239,943.485356,1333,190.429,11.25,0.9115,1469,-2637,
2022-12-12,2022-12-18,2,incremental_reindex,staleness_rate=0.9055>0.8000 and coverage_gap=949.6402>0.0300; velocity_per_day=210.14>1.50x baseline=11.25,226964,239,949.640167,1471,210.143,11.25,0.9055,1465,-2641,
2022-12-19,2022-12-25,2,incremental_reindex,staleness_rate=0.9033>0.8000 and coverage_gap=953.1590>0.0300; velocity_per_day=120.14>1.50x baseline=11.25,227805,239,953.158996,841,120.143,11.25,0.9033,1463,-2643,
2022-12-26,2023-01-01,2,incremental_reindex,staleness_rate=0.9015>0.8000 and coverage_gap=955.8828>0.0300; velocity_per_day=93.00>1.50x baseline=11.25,228456,239,955.882845,651,93.0,11.25,0.9015,1461,-2645,
2023-01-02,2023-01-08,2,incremental_reindex,staleness_rate=0.9111>0.8000 and coverage_gap=958.5649>0.0300; velocity_per_day=91.57>1.50x baseline=11.25,229097,239,958.564854,641,91.571,11.25,0.9111,1460,-2646,
2023-01-09,2023-01-15,2,incremental_reindex,staleness_rate=0.9162>0.8000 and coverage_gap=960.0837>0.0300; velocity_per_day=51.86>1.50x baseline=11.25,229460,239,960.083682,363,51.857,11.25,0.9162,1459,-2647,
2023-01-16,2023-01-22,2,incremental_reindex,staleness_rate=0.9207>0.8000 and coverage_gap=962.4351>0.0300; velocity_per_day=80.29>1.50x baseline=11.25,230022,239,962.435146,562,80.286,11.25,0.9207,1457,-2649,
2023-01-23,2023-01-29,2,incremental_reindex,staleness_rate=0.9263>0.8000 and coverage_gap=963.1464>0.0300; velocity_per_day=24.29>1.50x baseline=11.25,230192,239,963.146444,170,24.286,11.25,0.9263,1457,-2649,
2023-01-30,2023-02-05,2,incremental_reindex,staleness_rate=0.9326>0.8000 and coverage_gap=963.7448>0.0300; velocity_per_day=20.43>1.50x baseline=11.25,230335,239,963.74477,143,20.429,11.25,0.9326,1456,-2650,
2023-02-06,2023-02-12,2,incremental_reindex,staleness_rate=0.9363>0.8000 and coverage_gap=970.4477>0.0300; velocity_per_day=228.86>1.50x baseline=11.25,231937,239,970.447699,1602,228.857,11.25,0.9363,1452,-2654,
2023-02-13,2023-02-19,2,incremental_reindex,staleness_rate=0.9437>0.8000 and coverage_gap=972.2887>0.0300; velocity_per_day=62.86>1.50x baseline=11.25,232377,239,972.288703,440,62.857,11.25,0.9437,1451,-2655,
2023-02-20,2023-02-26,2,incremental_reindex,staleness_rate=0.9477>0.8000 and coverage_gap=976.4059>0.0300; velocity_per_day=140.57>1.50x baseline=11.25,233361,239,976.405858,984,140.571,11.25,0.9477,1448,-2658,
2023-02-27,2023-03-05,2,incremental_reindex,staleness_rate=0.9562>0.8000 and coverage_gap=981.7908>0.0300; velocity_per_day=183.86>1.50x baseline=11.25,234648,239,981.790795,1287,183.857,11.25,0.9562,1446,-2660,
2023-03-06,2023-03-12,2,incremental_reindex,staleness_rate=0.9529>0.8000 and coverage_gap=990.9414>0.0300; velocity_per_day=312.43>1.50x baseline=11.25,236835,239,990.941423,2187,312.429,11.25,0.9529,1440,-2666,
2023-03-13,2023-03-19,2,incremental_reindex,staleness_rate=0.9554>0.8000 and coverage_gap=993.7364>0.0300; velocity_per_day=95.43>1.50x baseline=11.25,237503,239,993.736402,668,95.429,11.25,0.9554,1437,-2669,
2023-03-20,2023-03-26,2,incremental_reindex,staleness_rate=0.9558>0.8000 and coverage_gap=997.8619>0.0300; velocity_per_day=140.86>1.50x baseline=11.25,238489,239,997.861925,986,140.857,11.25,0.9558,1435,-2671,
2023-03-27,2023-04-02,2,incremental_reindex,staleness_rate=0.9555>0.8000 and coverage_gap=1000.7029>0.0300; velocity_per_day=97.00>1.50x baseline=11.25,239168,239,1000.702929,679,97.0,11.25,0.9555,1433,-2673,
2023-04-03,2023-04-09,2,incremental_reindex,staleness_rate=0.9555>0.8000 and coverage_gap=1002.7950>0.0300; velocity_per_day=71.43>1.50x baseline=11.25,239668,239,1002.794979,500,71.429,11.25,0.9555,1431,-2675,
2023-04-10,2023-04-16,2,incremental_reindex,staleness_rate=0.9552>0.8000 and coverage_gap=1005.2343>0.0300; velocity_per_day=83.29>1.50x baseline=11.25,240251,239,1005.23431,583,83.286,11.25,0.9552,1430,-2676,
2023-04-17,2023-04-23,2,incremental_reindex,staleness_rate=0.9550>0.8000 and coverage_gap=1007.5481>0.0300; velocity_per_day=79.00>1.50x baseline=11.25,240804,239,1007.548117,553,79.0,11.25,0.955,1428,-2678,
2023-04-24,2023-04-30,2,incremental_reindex,staleness_rate=0.9540>0.8000 and coverage_gap=1009.6151>0.0300; velocity_per_day=70.57>1.50x baseline=11.25,241298,239,1009.615063,494,70.571,11.25,0.954,1427,-2679,
2023-05-01,2023-05-07,2,incremental_reindex,staleness_rate=0.9532>0.8000 and coverage_gap=1010.9833>0.0300; velocity_per_day=46.71>1.50x baseline=11.25,241625,239,1010.983264,327,46.714,11.25,0.9532,1426,-2680,
2023-05-08,2023-05-14,2,incremental_reindex,staleness_rate=0.9586>0.8000 and coverage_gap=1011.9791>0.0300; velocity_per_day=34.00>1.50x baseline=11.25,241863,239,1011.979079,238,34.0,11.25,0.9586,1425,-2681,
2023-05-15,2023-05-21,2,incremental_reindex,staleness_rate=0.9591>0.8000 and coverage_gap=1013.7238>0.0300; velocity_per_day=59.57>1.50x baseline=11.25,242280,239,1013.723849,417,59.571,11.25,0.9591,1424,-2682,
2023-05-22,2023-05-28,2,incremental_reindex,staleness_rate=0.9615>0.8000 and coverage_gap=1015.6276>0.0300; velocity_per_day=65.00>1.50x baseline=11.25,242735,239,1015.627615,455,65.0,11.25,0.9615,1423,-2683,
2023-05-29,2023-06-04,2,incremental_reindex,staleness_rate=0.9648>0.8000 and coverage_gap=1016.6611>0.0300; velocity_per_day=35.29>1.50x baseline=11.25,242982,239,1016.661088,247,35.286,11.25,0.9648,1422,-2684,
2023-06-05,2023-06-11,2,incremental_reindex,staleness_rate=0.9721>0.8000 and coverage_gap=1018.2469>0.0300; velocity_per_day=54.14>1.50x baseline=11.25,243361,239,1018.246862,379,54.143,11.25,0.9721,1421,-2685,
2023-06-12,2023-06-18,2,incremental_reindex,staleness_rate=0.9743>0.8000 and coverage_gap=1020.2134>0.0300; velocity_per_day=67.14>1.50x baseline=11.25,243831,239,1020.213389,470,67.143,11.25,0.9743,1420,-2686,
2023-06-19,2023-06-25,2,incremental_reindex,staleness_rate=0.9754>0.8000 and coverage_gap=1022.0209>0.0300; velocity_per_day=61.71>1.50x baseline=11.25,244263,239,1022.020921,432,61.714,11.25,0.9754,1419,-2687,
2023-06-26,2023-07-02,2,incremental_reindex,staleness_rate=0.9745>0.8000 and coverage_gap=1026.3138>0.0300; velocity_per_day=146.57>1.50x baseline=11.25,245289,239,1026.313808,1026,146.571,11.25,0.9745,1416,-2690,
2023-07-03,2023-07-09,2,incremental_reindex,staleness_rate=0.9745>0.8000 and coverage_gap=1029.2469>0.0300; velocity_per_day=100.14>1.50x baseline=11.25,245990,239,1029.246862,701,100.143,11.25,0.9745,1414,-2692,
2023-07-10,2023-07-16,2,incremental_reindex,staleness_rate=0.9720>0.8000 and coverage_gap=1034.5272>0.0300; velocity_per_day=180.29>1.50x baseline=11.25,247252,239,1034.527197,1262,180.286,11.25,0.972,1410,-2696,
2023-07-17,2023-07-23,2,incremental_reindex,staleness_rate=0.9706>0.8000 and coverage_gap=1038.0753>0.0300; velocity_per_day=121.14>1.50x baseline=11.25,248100,239,1038.075314,848,121.143,11.25,0.9706,1407,-2699,
2023-07-24,2023-07-30,2,incremental_reindex,staleness_rate=0.9705>0.8000 and coverage_gap=1040.4979>0.0300; velocity_per_day=82.71>1.50x baseline=11.25,248679,239,1040.497908,579,82.714,11.25,0.9705,1406,-2700,
2023-07-31,2023-08-06,2,incremental_reindex,staleness_rate=0.9689>0.8000 and coverage_gap=1043.8619>0.0300; velocity_per_day=114.86>1.50x baseline=11.25,249483,239,1043.861925,804,114.857,11.25,0.9689,1404,-2702,
2023-08-07,2023-08-13,2,incremental_reindex,staleness_rate=0.9659>0.8000 and coverage_gap=1047.6736>0.0300; velocity_per_day=130.14>1.50x baseline=11.25,250394,239,1047.67364,911,130.143,11.25,0.9659,1401,-2705,
2023-08-14,2023-08-20,2,incremental_reindex,staleness_rate=0.9659>0.8000 and coverage_gap=1050.0293>0.0300; velocity_per_day=80.43>1.50x baseline=11.25,250957,239,1050.029289,563,80.429,11.25,0.9659,1399,-2707,
2023-08-21,2023-08-27,2,incremental_reindex,staleness_rate=0.9637>0.8000 and coverage_gap=1054.7866>0.0300; velocity_per_day=162.43>1.50x baseline=11.25,252094,239,1054.786611,1137,162.429,11.25,0.9637,1396,-2710,
2023-08-28,2023-09-03,2,incremental_reindex,staleness_rate=0.9608>0.8000 and coverage_gap=1058.2427>0.0300; velocity_per_day=118.00>1.50x baseline=11.25,252920,239,1058.242678,826,118.0,11.25,0.9608,1393,-2713,
2023-09-04,2023-09-10,2,incremental_reindex,staleness_rate=0.9599>0.8000 and coverage_gap=1062.7448>0.0300; velocity_per_day=153.71>1.50x baseline=11.25,253996,239,1062.74477,1076,153.714,11.25,0.9599,1391,-2715,
2023-09-11,2023-09-17,2,incremental_reindex,staleness_rate=0.9577>0.8000 and coverage_gap=1064.8996>0.0300; velocity_per_day=73.57>1.50x baseline=11.25,254511,239,1064.899582,515,73.571,11.25,0.9577,1388,-2718,
2023-09-18,2023-09-24,2,incremental_reindex,staleness_rate=0.9571>0.8000 and coverage_gap=1068.5230>0.0300; velocity_per_day=123.71>1.50x baseline=11.25,255377,239,1068.523013,866,123.714,11.25,0.9571,1386,-2720,
2023-09-25,2023-10-01,2,incremental_reindex,staleness_rate=0.9578>0.8000 and coverage_gap=1071.4059>0.0300; velocity_per_day=98.43>1.50x baseline=11.25,256066,239,1071.405858,689,98.429,11.25,0.9578,1384,-2722,
2023-10-02,2023-10-08,2,incremental_reindex,staleness_rate=0.9593>0.8000 and coverage_gap=1072.9372>0.0300; velocity_per_day=52.29>1.50x baseline=11.25,256432,239,1072.937238,366,52.286,11.25,0.9593,1383,-2723,
2023-10-09,2023-10-15,2,incremental_reindex,staleness_rate=0.9625>0.8000 and coverage_gap=1074.6151>0.0300; velocity_per_day=57.29>1.50x baseline=11.25,256833,239,1074.615063,401,57.286,11.25,0.9625,1382,-2724,
2023-10-16,2023-10-22,2,incremental_reindex,staleness_rate=0.9624>0.8000 and coverage_gap=1079.5146>0.0300; velocity_per_day=167.29>1.50x baseline=11.25,258004,239,1079.514644,1171,167.286,11.25,0.9624,1378,-2728,
2023-10-23,2023-10-29,2,incremental_reindex,staleness_rate=0.9597>0.8000 and coverage_gap=1085.2469>0.0300; velocity_per_day=195.71>1.50x baseline=11.25,259374,239,1085.246862,1370,195.714,11.25,0.9597,1374,-2732,
2023-10-30,2023-11-05,2,incremental_reindex,staleness_rate=0.9582>0.8000 and coverage_gap=1089.2678>0.0300; velocity_per_day=137.29>1.50x baseline=11.25,260335,239,1089.267782,961,137.286,11.25,0.9582,1371,-2735,
2023-11-06,2023-11-12,2,incremental_reindex,staleness_rate=0.9589>0.8000 and coverage_gap=1092.8996>0.0300; velocity_per_day=124.00>1.50x baseline=11.25,261203,239,1092.899582,868,124.0,11.25,0.9589,1368,-2738,
2023-11-13,2023-11-19,2,incremental_reindex,staleness_rate=0.9572>0.8000 and coverage_gap=1096.8577>0.0300; velocity_per_day=135.14>1.50x baseline=11.25,262149,239,1096.857741,946,135.143,11.25,0.9572,1365,-2741,
2023-11-20,2023-11-26,2,incremental_reindex,staleness_rate=0.9579>0.8000 and coverage_gap=1100.8452>0.0300; velocity_per_day=136.14>1.50x baseline=11.25,263102,239,1100.845188,953,136.143,11.25,0.9579,1363,-2743,
2023-11-27,2023-12-03,2,incremental_reindex,staleness_rate=0.9567>0.8000 and coverage_gap=1106.6778>0.0300; velocity_per_day=199.14>1.50x baseline=11.25,264496,239,1106.677824,1394,199.143,11.25,0.9567,1358,-2748,
2023-12-04,2023-12-10,2,incremental_reindex,staleness_rate=0.9541>0.8000 and coverage_gap=1111.8870>0.0300; velocity_per_day=177.86>1.50x baseline=11.25,265741,239,1111.887029,1245,177.857,11.25,0.9541,1354,-2752,
2023-12-11,2023-12-17,2,incremental_reindex,staleness_rate=0.9560>0.8000 and coverage_gap=1113.9582>0.0300; velocity_per_day=70.71>1.50x baseline=11.25,266236,239,1113.958159,495,70.714,11.25,0.956,1352,-2754,
2024-01-01,2024-01-07,2,incremental_reindex,staleness_rate=0.9621>0.8000 and coverage_gap=1115.3054>0.0300; velocity_per_day=46.00>1.50x baseline=11.25,266558,239,1115.305439,322,46.0,11.25,0.9621,1352,-2754,
2024-01-08,2024-01-14,2,incremental_reindex,staleness_rate=0.9610>0.8000 and coverage_gap=1118.8619>0.0300; velocity_per_day=121.43>1.50x baseline=11.25,267408,239,1118.861925,850,121.429,11.25,0.961,1349,-2757,
2024-01-15,2024-01-21,2,incremental_reindex,staleness_rate=0.9613>0.8000 and coverage_gap=1122.3305>0.0300; velocity_per_day=118.43>1.50x baseline=11.25,268237,239,1122.330544,829,118.429,11.25,0.9613,1346,-2760,
2024-01-22,2024-01-28,2,incremental_reindex,staleness_rate=0.9620>0.8000 and coverage_gap=1126.9289>0.0300; velocity_per_day=157.00>1.50x baseline=11.25,269336,239,1126.92887,1099,157.0,11.25,0.962,1343,-2763,
2024-01-29,2024-02-04,2,incremental_reindex,staleness_rate=0.9622>0.8000 and coverage_gap=1134.3305>0.0300; velocity_per_day=252.71>1.50x baseline=11.25,271105,239,1134.330544,1769,252.714,11.25,0.9622,1339,-2767,
2024-02-05,2024-02-11,2,incremental_reindex,staleness_rate=0.9568>0.8000 and coverage_gap=1142.4561>0.0300; velocity_per_day=277.43>1.50x baseline=11.25,273047,239,1142.456067,1942,277.429,11.25,0.9568,1331,-2775,
2024-02-12,2024-02-18,2,incremental_reindex,staleness_rate=0.9564>0.8000 and coverage_gap=1146.8661>0.0300; velocity_per_day=150.57>1.50x baseline=11.25,274101,239,1146.866109,1054,150.571,11.25,0.9564,1328,-2778,
2024-02-19,2024-02-25,2,incremental_reindex,staleness_rate=0.9489>0.8000 and coverage_gap=1159.3096>0.0300; velocity_per_day=424.86>1.50x baseline=11.25,277075,239,1159.309623,2974,424.857,11.25,0.9489,1318,-2788,
2024-02-26,2024-03-03,2,incremental_reindex,staleness_rate=0.9100>0.8000 and coverage_gap=1226.3138>0.0300; velocity_per_day=2287.71>1.50x baseline=11.25,293089,239,1226.313808,16014,2287.714,11.25,0.91,1279,-2827,
2024-03-04,2024-03-10,2,incremental_reindex,staleness_rate=0.9008>0.8000 and coverage_gap=1234.2259>0.0300; velocity_per_day=270.14>1.50x baseline=11.25,294980,239,1234.225941,1891,270.143,11.25,0.9008,1266,-2840,
2024-04-29,2024-05-05,2,incremental_reindex,staleness_rate=0.9127>0.8000 and coverage_gap=1240.1381>0.0300; velocity_per_day=201.86>1.50x baseline=11.25,296393,239,1240.138075,1413,201.857,11.25,0.9127,1262,-2844,
2024-05-06,2024-05-12,2,incremental_reindex,staleness_rate=0.9189>0.8000 and coverage_gap=1243.8745>0.0300; velocity_per_day=127.57>1.50x baseline=11.25,297286,239,1243.874477,893,127.571,11.25,0.9189,1260,-2846,
2024-05-13,2024-05-19,2,incremental_reindex,staleness_rate=0.9180>0.8000 and coverage_gap=1250.5314>0.0300; velocity_per_day=227.29>1.50x baseline=11.25,298877,239,1250.531381,1591,227.286,11.25,0.918,1256,-2850,
2024-05-20,2024-05-26,2,incremental_reindex,staleness_rate=0.9252>0.8000 and coverage_gap=1253.2845>0.0300; velocity_per_day=94.00>1.50x baseline=11.25,299535,239,1253.284519,658,94.0,11.25,0.9252,1253,-2853,
2024-05-27,2024-06-02,2,incremental_reindex,staleness_rate=0.9685>0.8000 and coverage_gap=1255.2929>0.0300; velocity_per_day=68.57>1.50x baseline=11.25,300015,239,1255.292887,480,68.571,11.25,0.9685,1251,-2855,
2024-06-03,2024-06-09,2,incremental_reindex,staleness_rate=0.9772>0.8000 and coverage_gap=1270.9582>0.0300; velocity_per_day=534.86>1.50x baseline=11.25,303759,239,1270.958159,3744,534.857,11.25,0.9772,1246,-2860,
2024-06-10,2024-06-16,1,soft_alert,staleness_rate=0.9711>0.8000 and coverage_gap=1271.0502>0.0300,303781,239,1271.050209,22,3.143,11.25,0.9711,1240,-2866,
2024-06-17,2024-06-23,2,incremental_reindex,staleness_rate=0.9683>0.8000 and coverage_gap=1274.8201>0.0300; velocity_per_day=128.71>1.50x baseline=11.25,304682,239,1274.820084,901,128.714,11.25,0.9683,1238,-2868,
2024-06-24,2024-06-30,2,incremental_reindex,staleness_rate=0.9678>0.8000 and coverage_gap=1275.3682>0.0300; velocity_per_day=18.71>1.50x baseline=11.25,304813,239,1275.368201,131,18.714,11.25,0.9678,1237,-2869,
2024-07-01,2024-07-07,2,incremental_reindex,staleness_rate=0.9647>0.8000 and coverage_gap=1279.4310>0.0300; velocity_per_day=138.71>1.50x baseline=11.25,305784,239,1279.430962,971,138.714,11.25,0.9647,1234,-2872,
2024-07-08,2024-07-14,2,incremental_reindex,staleness_rate=0.9621>0.8000 and coverage_gap=1283.9623>0.0300; velocity_per_day=154.71>1.50x baseline=11.25,306867,239,1283.962343,1083,154.714,11.25,0.9621,1232,-2874,
2024-07-15,2024-07-21,2,incremental_reindex,staleness_rate=0.9590>0.8000 and coverage_gap=1286.9916>0.0300; velocity_per_day=103.43>1.50x baseline=11.25,307591,239,1286.991632,724,103.429,11.25,0.959,1229,-2877,
2024-07-29,2024-08-04,2,incremental_reindex,staleness_rate=0.9603>0.8000 and coverage_gap=1292.8326>0.0300; velocity_per_day=199.43>1.50x baseline=11.25,308987,239,1292.832636,1396,199.429,11.25,0.9603,1226,-2880,
2024-08-05,2024-08-11,2,incremental_reindex,staleness_rate=0.9598>0.8000 and coverage_gap=1294.8159>0.0300; velocity_per_day=67.71>1.50x baseline=11.25,309461,239,1294.8159,474,67.714,11.25,0.9598,1223,-2883,
2024-08-12,2024-08-18,2,incremental_reindex,staleness_rate=0.9618>0.8000 and coverage_gap=1298.9456>0.0300; velocity_per_day=141.00>1.50x baseline=11.25,310448,239,1298.945607,987,141.0,11.25,0.9618,1220,-2886,
2024-08-19,2024-08-25,2,incremental_reindex,staleness_rate=0.9637>0.8000 and coverage_gap=1300.3724>0.0300; velocity_per_day=48.71>1.50x baseline=11.25,310789,239,1300.372385,341,48.714,11.25,0.9637,1219,-2887,
2024-08-26,2024-09-01,2,incremental_reindex,staleness_rate=0.9636>0.8000 and coverage_gap=1302.4184>0.0300; velocity_per_day=69.86>1.50x baseline=11.25,311278,239,1302.41841,489,69.857,11.25,0.9636,1218,-2888,
2024-09-02,2024-09-08,2,incremental_reindex,staleness_rate=0.9686>0.8000 and coverage_gap=1304.6276>0.0300; velocity_per_day=75.43>1.50x baseline=11.25,311806,239,1304.627615,528,75.429,11.25,0.9686,1217,-2889,
2024-09-09,2024-09-15,2,incremental_reindex,staleness_rate=0.9712>0.8000 and coverage_gap=1310.1967>0.0300; velocity_per_day=190.14>1.50x baseline=11.25,313137,239,1310.196653,1331,190.143,11.25,0.9712,1213,-2893,
2024-09-16,2024-09-22,2,incremental_reindex,staleness_rate=0.9720>0.8000 and coverage_gap=1311.3933>0.0300; velocity_per_day=40.86>1.50x baseline=11.25,313423,239,1311.393305,286,40.857,11.25,0.972,1211,-2895,
2024-09-23,2024-09-29,2,incremental_reindex,staleness_rate=0.9704>0.8000 and coverage_gap=1314.8494>0.0300; velocity_per_day=118.00>1.50x baseline=11.25,314249,239,1314.849372,826,118.0,11.25,0.9704,1209,-2897,
2024-09-30,2024-10-06,2,incremental_reindex,staleness_rate=0.9639>0.8000 and coverage_gap=1328.7406>0.0300; velocity_per_day=474.29>1.50x baseline=11.25,317569,239,1328.740586,3320,474.286,11.25,0.9639,1200,-2906,
2024-10-07,2024-10-13,2,incremental_reindex,staleness_rate=0.9619>0.8000 and coverage_gap=1333.7280>0.0300; velocity_per_day=170.29>1.50x baseline=11.25,318761,239,1333.728033,1192,170.286,11.25,0.9619,1195,-2911,
2024-10-14,2024-10-20,2,incremental_reindex,staleness_rate=0.9572>0.8000 and coverage_gap=1345.7782>0.0300; velocity_per_day=411.43>1.50x baseline=11.25,321641,239,1345.778243,2880,411.429,11.25,0.9572,1187,-2919,
2024-10-21,2024-10-27,2,incremental_reindex,staleness_rate=0.9505>0.8000 and coverage_gap=1355.9833>0.0300; velocity_per_day=348.43>1.50x baseline=11.25,324080,239,1355.983264,2439,348.429,11.25,0.9505,1180,-2926,
2024-10-28,2024-11-03,2,incremental_reindex,staleness_rate=0.9465>0.8000 and coverage_gap=1364.5272>0.0300; velocity_per_day=291.71>1.50x baseline=11.25,326122,239,1364.527197,2042,291.714,11.25,0.9465,1173,-2933,
2024-11-04,2024-11-10,2,incremental_reindex,staleness_rate=0.9461>0.8000 and coverage_gap=1370.5314>0.0300; velocity_per_day=205.00>1.50x baseline=11.25,327557,239,1370.531381,1435,205.0,11.25,0.9461,1170,-2936,
2024-11-11,2024-11-17,2,incremental_reindex,staleness_rate=0.9428>0.8000 and coverage_gap=1378.5146>0.0300; velocity_per_day=272.57>1.50x baseline=11.25,329465,239,1378.514644,1908,272.571,11.25,0.9428,1164,-2942,
2024-11-18,2024-11-24,2,incremental_reindex,staleness_rate=0.9257>0.8000 and coverage_gap=1406.2218>0.0300; velocity_per_day=946.00>1.50x baseline=11.25,336087,239,1406.221757,6622,946.0,11.25,0.9257,1145,-2961,
2024-11-25,2024-12-01,2,incremental_reindex,staleness_rate=0.9184>0.8000 and coverage_gap=1418.1757>0.0300; velocity_per_day=408.14>1.50x baseline=11.25,338944,239,1418.175732,2857,408.143,11.25,0.9184,1136,-2970,
2024-12-02,2024-12-08,2,incremental_reindex,staleness_rate=0.9183>0.8000 and coverage_gap=1420.3473>0.0300; velocity_per_day=74.14>1.50x baseline=11.25,339463,239,1420.34728,519,74.143,11.25,0.9183,1135,-2971,
2024-12-09,2024-12-15,2,incremental_reindex,staleness_rate=0.9200>0.8000 and coverage_gap=1422.6151>0.0300; velocity_per_day=77.43>1.50x baseline=11.25,340005,239,1422.615063,542,77.429,11.25,0.92,1133,-2973,
2024-12-23,2024-12-29,2,incremental_reindex,staleness_rate=0.9188>0.8000 and coverage_gap=1431.1130>0.0300; velocity_per_day=290.14>1.50x baseline=11.25,342036,239,1431.112971,2031,290.143,11.25,0.9188,1127,-2979,
2024-12-30,2025-01-05,2,incremental_reindex,staleness_rate=0.9202>0.8000 and coverage_gap=1442.8745>0.0300; velocity_per_day=401.57>1.50x baseline=11.25,344847,239,1442.874477,2811,401.571,11.25,0.9202,1119,-2987,
2025-01-06,2025-01-12,2,incremental_reindex,staleness_rate=0.9231>0.8000 and coverage_gap=1445.0837>0.0300; velocity_per_day=75.43>1.50x baseline=11.25,345375,239,1445.083682,528,75.429,11.25,0.9231,1118,-2988,
2025-01-13,2025-01-19,2,incremental_reindex,staleness_rate=0.9296>0.8000 and coverage_gap=1446.5230>0.0300; velocity_per_day=49.14>1.50x baseline=11.25,345719,239,1446.523013,344,49.143,11.25,0.9296,1117,-2989,
2025-01-20,2025-01-26,2,incremental_reindex,staleness_rate=0.9317>0.8000 and coverage_gap=1454.4226>0.0300; velocity_per_day=269.71>1.50x baseline=11.25,347607,239,1454.422594,1888,269.714,11.25,0.9317,1112,-2994,
2025-01-27,2025-02-02,2,incremental_reindex,staleness_rate=0.9339>0.8000 and coverage_gap=1461.1757>0.0300; velocity_per_day=230.57>1.50x baseline=11.25,349221,239,1461.175732,1614,230.571,11.25,0.9339,1107,-2999,
2025-02-03,2025-02-09,2,incremental_reindex,staleness_rate=0.9329>0.8000 and coverage_gap=1467.8787>0.0300; velocity_per_day=228.86>1.50x baseline=11.25,350823,239,1467.878661,1602,228.857,11.25,0.9329,1103,-3003,
2025-02-10,2025-02-16,2,incremental_reindex,staleness_rate=0.9316>0.8000 and coverage_gap=1479.1255>0.0300; velocity_per_day=384.00>1.50x baseline=11.25,353511,239,1479.125523,2688,384.0,11.25,0.9316,1095,-3011,
2025-02-17,2025-02-23,2,incremental_reindex,staleness_rate=0.9461>0.8000 and coverage_gap=1485.7406>0.0300; velocity_per_day=225.86>1.50x baseline=11.25,355092,239,1485.740586,1581,225.857,11.25,0.9461,1091,-3015,
2025-02-24,2025-03-02,2,incremental_reindex,staleness_rate=0.9441>0.8000 and coverage_gap=1510.3598>0.0300; velocity_per_day=840.57>1.50x baseline=11.25,360976,239,1510.359833,5884,840.571,11.25,0.9441,1079,-3027,
2025-03-03,2025-03-09,2,incremental_reindex,staleness_rate=0.9277>0.8000 and coverage_gap=1531.7657>0.0300; velocity_per_day=730.86>1.50x baseline=11.25,366092,239,1531.76569,5116,730.857,11.25,0.9277,1061,-3045,
2025-03-10,2025-03-16,2,incremental_reindex,staleness_rate=0.9131>0.8000 and coverage_gap=1559.2803>0.0300; velocity_per_day=939.43>1.50x baseline=11.25,372668,239,1559.280335,6576,939.429,11.25,0.9131,1044,-3062,
2025-03-17,2025-03-23,2,incremental_reindex,staleness_rate=0.9059>0.8000 and coverage_gap=1571.5607>0.0300; velocity_per_day=419.29>1.50x baseline=11.25,375603,239,1571.560669,2935,419.286,11.25,0.9059,1036,-3070,
2025-03-24,2025-03-30,2,incremental_reindex,staleness_rate=0.8931>0.8000 and coverage_gap=1606.1841>0.0300; velocity_per_day=1182.14>1.50x baseline=11.25,383878,239,1606.1841,8275,1182.143,11.25,0.8931,1017,-3089,
2025-03-31,2025-04-06,2,incremental_reindex,staleness_rate=0.8891>0.8000 and coverage_gap=1628.8368>0.0300; velocity_per_day=773.43>1.50x baseline=11.25,389292,239,1628.83682,5414,773.429,11.25,0.8891,1005,-3101,
2025-04-07,2025-04-13,2,incremental_reindex,staleness_rate=0.8661>0.8000 and coverage_gap=1669.3640>0.0300; velocity_per_day=1383.71>1.50x baseline=11.25,398978,239,1669.364017,9686,1383.714,11.25,0.8661,979,-3127,
2025-04-14,2025-04-20,2,incremental_reindex,staleness_rate=0.8523>0.8000 and coverage_gap=1704.0042>0.0300; velocity_per_day=1182.71>1.50x baseline=11.25,407257,239,1704.004184,8279,1182.714,11.25,0.8523,963,-3143,
2025-04-21,2025-04-27,2,incremental_reindex,staleness_rate=0.8373>0.8000 and coverage_gap=1739.1674>0.0300; velocity_per_day=1200.57>1.50x baseline=11.25,415661,239,1739.167364,8404,1200.571,11.25,0.8373,942,-3164,
2025-04-28,2025-05-04,2,incremental_reindex,staleness_rate=0.8355>0.8000 and coverage_gap=1748.9331>0.0300; velocity_per_day=333.43>1.50x baseline=11.25,417995,239,1748.933054,2334,333.429,11.25,0.8355,935,-3171,
2025-05-05,2025-05-11,2,incremental_reindex,staleness_rate=0.8095>0.8000 and coverage_gap=1813.8368>0.0300; velocity_per_day=2216.00>1.50x baseline=11.25,433507,239,1813.83682,15512,2216.0,11.25,0.8095,903,-3203,
2025-05-12,2025-05-18,2,incremental_reindex,velocity_per_day=3055.14>1.50x baseline=11.25,454893,239,1903.317992,21386,3055.143,11.25,0.7817,866,-3240,
2025-05-19,2025-05-25,2,incremental_reindex,velocity_per_day=2549.43>1.50x baseline=11.25,472739,239,1977.987448,17846,2549.429,11.25,0.7509,829,-3277,
2025-05-26,2025-06-01,2,incremental_reindex,velocity_per_day=1318.00>1.50x baseline=11.25,481965,239,2016.589958,9226,1318.0,11.25,0.7495,818,-3288,
2025-06-02,2025-06-08,2,incremental_reindex,velocity_per_day=3888.86>1.50x baseline=11.25,509187,239,2130.48954,27222,3888.857,11.25,0.7237,775,-3331,
2025-06-09,2025-06-15,2,incremental_reindex,velocity_per_day=3139.71>1.50x baseline=11.25,531165,239,2222.447699,21978,3139.714,11.25,0.7028,739,-3367,
2025-06-16,2025-06-22,2,incremental_reindex,velocity_per_day=7136.00>1.50x baseline=11.25,581117,239,2431.451883,49952,7136.0,11.25,0.657,684,-3422,
2025-06-23,2025-06-29,2,incremental_reindex,velocity_per_day=1928.00>1.50x baseline=11.25,594613,239,2487.920502,13496,1928.0,11.25,0.6453,658,-3448,
2025-06-30,2025-07-06,2,incremental_reindex,velocity_per_day=3340.14>1.50x baseline=11.25,617994,239,2585.748954,23381,3340.143,11.25,0.6297,632,-3474,
2025-07-07,2025-07-13,2,incremental_reindex,velocity_per_day=4403.86>1.50x baseline=11.25,648821,239,2714.732218,30827,4403.857,11.25,0.6225,607,-3499,
2025-07-14,2025-07-20,2,incremental_reindex,velocity_per_day=1694.86>1.50x baseline=11.25,660685,239,2764.372385,11864,1694.857,11.25,0.6181,591,-3515,
2025-07-21,2025-07-27,2,incremental_reindex,velocity_per_day=1462.29>1.50x baseline=11.25,670921,239,2807.200837,10236,1462.286,11.25,0.6222,581,-3525,
2025-07-28,2025-08-03,2,incremental_reindex,velocity_per_day=1066.43>1.50x baseline=11.25,678386,239,2838.435146,7465,1066.429,11.25,0.6176,571,-3535,
2025-08-04,2025-08-10,2,incremental_reindex,velocity_per_day=1521.00>1.50x baseline=11.25,689033,239,2882.983264,10647,1521.0,11.25,0.6308,562,-3544,
2025-08-11,2025-08-17,2,incremental_reindex,velocity_per_day=862.57>1.50x baseline=11.25,695071,239,2908.246862,6038,862.571,11.25,0.6508,555,-3551,
2025-08-18,2025-08-24,2,incremental_reindex,velocity_per_day=575.86>1.50x baseline=11.25,699102,239,2925.112971,4031,575.857,11.25,0.6773,552,-3554,
2025-08-25,2025-08-31,2,incremental_reindex,velocity_per_day=587.57>1.50x baseline=11.25,703215,239,2942.322176,4113,587.571,11.25,0.6815,547,-3559,
2025-09-01,2025-09-07,2,incremental_reindex,velocity_per_day=148.14>1.50x baseline=11.25,704252,239,2946.661088,1037,148.143,11.25,0.7181,546,-3560,
2025-09-08,2025-09-14,2,incremental_reindex,velocity_per_day=415.86>1.50x baseline=11.25,707163,239,2958.841004,2911,415.857,11.25,0.7497,544,-3562,
2025-09-15,2025-09-21,2,incremental_reindex,staleness_rate=0.8057>0.8000 and coverage_gap=2968.2887>0.0300; velocity_per_day=322.57>1.50x baseline=11.25,709421,239,2968.288703,2258,322.571,11.25,0.8057,542,-3564,
2025-09-22,2025-09-28,2,incremental_reindex,staleness_rate=0.8276>0.8000 and coverage_gap=3002.6234>0.0300; velocity_per_day=1172.29>1.50x baseline=11.25,717627,239,3002.623431,8206,1172.286,11.25,0.8276,534,-3572,
2025-09-29,2025-10-05,2,incremental_reindex,staleness_rate=0.8478>0.8000 and coverage_gap=3046.2385>0.0300; velocity_per_day=1489.14>1.50x baseline=11.25,728051,239,3046.238494,10424,1489.143,11.25,0.8478,526,-3580,
2025-10-06,2025-10-12,2,incremental_reindex,staleness_rate=0.8653>0.8000 and coverage_gap=3099.8033>0.0300; velocity_per_day=1828.86>1.50x baseline=11.25,740853,239,3099.803347,12802,1828.857,11.25,0.8653,514,-3592,
2025-10-13,2025-10-19,2,incremental_reindex,staleness_rate=0.8537>0.8000 and coverage_gap=3227.0460>0.0300; velocity_per_day=4344.43>1.50x baseline=11.25,771264,239,3227.046025,30411,4344.429,11.25,0.8537,489,-3617,
2025-10-20,2025-10-26,2,incremental_reindex,staleness_rate=0.8626>0.8000 and coverage_gap=3236.4017>0.0300; velocity_per_day=319.43>1.50x baseline=11.25,773500,239,3236.401674,2236,319.429,11.25,0.8626,486,-3620,
2025-10-27,2025-11-02,2,incremental_reindex,staleness_rate=0.8711>0.8000 and coverage_gap=3253.5983>0.0300; velocity_per_day=587.14>1.50x baseline=11.25,777610,239,3253.598326,4110,587.143,11.25,0.8711,483,-3623,
2025-11-03,2025-11-09,2,incremental_reindex,staleness_rate=0.8725>0.8000 and coverage_gap=3295.9079>0.0300; velocity_per_day=1444.57>1.50x baseline=11.25,787722,239,3295.90795,10112,1444.571,11.25,0.8725,475,-3631,
2025-11-10,2025-11-16,2,incremental_reindex,staleness_rate=0.8815>0.8000 and coverage_gap=3301.1088>0.0300; velocity_per_day=177.57>1.50x baseline=11.25,788965,239,3301.108787,1243,177.571,11.25,0.8815,474,-3632,
2025-11-17,2025-11-23,2,incremental_reindex,staleness_rate=0.8795>0.8000 and coverage_gap=3322.8285>0.0300; velocity_per_day=741.57>1.50x baseline=11.25,794156,239,3322.828452,5191,741.571,11.25,0.8795,469,-3637,
2025-11-24,2025-11-30,2,incremental_reindex,staleness_rate=0.8845>0.8000 and coverage_gap=3328.3305>0.0300; velocity_per_day=187.86>1.50x baseline=11.25,795471,239,3328.330544,1315,187.857,11.25,0.8845,468,-3638,
2025-12-01,2025-12-07,2,incremental_reindex,staleness_rate=0.8818>0.8000 and coverage_gap=3345.0628>0.0300; velocity_per_day=571.29>1.50x baseline=11.25,799470,239,3345.062762,3999,571.286,11.25,0.8818,465,-3641,
2025-12-08,2025-12-14,2,incremental_reindex,staleness_rate=0.8815>0.8000 and coverage_gap=3357.8159>0.0300; velocity_per_day=435.43>1.50x baseline=11.25,802518,239,3357.8159,3048,435.429,11.25,0.8815,462,-3644,
2025-12-15,2025-12-21,2,incremental_reindex,staleness_rate=0.8709>0.8000 and coverage_gap=3407.8494>0.0300; velocity_per_day=1708.29>1.50x baseline=11.25,814476,239,3407.849372,11958,1708.286,11.25,0.8709,452,-3654,
2025-12-22,2025-12-28,2,incremental_reindex,staleness_rate=0.8709>0.8000 and coverage_gap=3453.4017>0.0300; velocity_per_day=1555.29>1.50x baseline=11.25,825363,239,3453.401674,10887,1555.286,11.25,0.8709,445,-3661,
2025-12-29,2026-01-04,2,incremental_reindex,staleness_rate=0.8677>0.8000 and coverage_gap=3505.3724>0.0300; velocity_per_day=1774.43>1.50x baseline=11.25,837784,239,3505.372385,12421,1774.429,11.25,0.8677,434,-3672,
2026-01-05,2026-01-11,2,incremental_reindex,staleness_rate=0.8763>0.8000 and coverage_gap=3536.0335>0.0300; velocity_per_day=1046.86>1.50x baseline=11.25,845112,239,3536.033473,7328,1046.857,11.25,0.8763,428,-3678,
2026-01-12,2026-01-18,2,incremental_reindex,staleness_rate=0.9040>0.8000 and coverage_gap=3567.4979>0.0300; velocity_per_day=1074.29>1.50x baseline=11.25,852632,239,3567.497908,7520,1074.286,11.25,0.904,424,-3682,
2026-01-19,2026-01-25,2,incremental_reindex,staleness_rate=0.8973>0.8000 and coverage_gap=3617.1799>0.0300; velocity_per_day=1696.29>1.50x baseline=11.25,864506,239,3617.179916,11874,1696.286,11.25,0.8973,415,-3691,
2026-01-26,2026-02-01,2,incremental_reindex,staleness_rate=0.8957>0.8000 and coverage_gap=3631.7029>0.0300; velocity_per_day=495.86>1.50x baseline=11.25,867977,239,3631.702929,3471,495.857,11.25,0.8957,411,-3695,
2026-02-02,2026-02-08,2,incremental_reindex,staleness_rate=0.9057>0.8000 and coverage_gap=3637.3849>0.0300; velocity_per_day=194.00>1.50x baseline=11.25,869335,239,3637.384937,1358,194.0,11.25,0.9057,410,-3696,
2026-02-09,2026-02-15,2,incremental_reindex,staleness_rate=0.9070>0.8000 and coverage_gap=3637.9540>0.0300; velocity_per_day=19.43>1.50x baseline=11.25,869471,239,3637.953975,136,19.429,11.25,0.907,410,-3696,
2026-02-16,2026-02-22,2,incremental_reindex,staleness_rate=0.9128>0.8000 and coverage_gap=3638.7406>0.0300; velocity_per_day=26.86>1.50x baseline=11.25,869659,239,3638.740586,188,26.857,11.25,0.9128,410,-3696,
2026-03-02,2026-03-08,1,soft_alert,staleness_rate=0.9184>0.8000 and coverage_gap=3638.7573>0.0300,869663,239,3638.757322,4,0.571,11.25,0.9184,410,-3696,
