date,new_docs,cumulative_docs,velocity_7d_avg
2014-03-04,216,216,216.0
2014-03-05,9,225,112.5
2014-03-06,14,239,79.7
2014-05-07,6,245,61.2
2014-06-02,2,247,49.4
2014-06-03,3,250,41.7
2014-06-04,2,252,36.0
2014-06-05,62,314,14.0
2014-07-02,1,315,12.9
2014-07-26,45,360,17.3
2014-08-01,142,502,36.7
2014-10-24,9853,10355,1444.0
2015-09-11,2,10357,1443.9
2015-09-21,2,10359,1443.9
2015-09-25,2,10361,1435.3
2016-04-04,263,10624,1472.7
2016-04-27,57,10681,1474.4
2016-05-06,3,10684,1454.6
2016-05-09,37,10721,52.3
2016-05-15,1,10722,52.1
2016-05-21,1,10723,52.0
2016-06-23,2,10725,52.0
2016-07-28,733,11458,119.1
2016-08-08,674,12132,207.3
2016-08-09,280,12412,246.9
2016-08-18,144,12556,262.1
2016-11-07,8,12564,263.1
2016-11-09,10,12574,264.4
2016-11-11,8,12582,265.3
2016-11-12,2,12584,160.9
2017-02-07,2,12586,64.9
2017-02-15,5,12591,25.6
2017-02-19,4,12595,5.6
2017-02-24,1,12596,4.6
2017-02-25,54,12650,10.9
2017-02-28,6,12656,10.6
2017-03-10,2,12658,10.6
2017-04-14,2,12660,10.6
2017-04-22,1,12661,10.0
2017-04-25,7,12668,10.4
2017-05-04,2,12670,10.6
2017-05-05,2,12672,3.1
2017-05-06,3,12675,2.7
2017-06-18,1,12676,2.6
2017-07-03,1,12677,2.4
2017-09-02,4,12681,2.9
2017-09-07,24,12705,5.3
2017-09-23,3,12708,5.4
2017-09-30,481,13189,73.9
2017-10-04,36,13225,78.6
2017-10-05,1,13226,78.6
2017-10-13,2,13228,78.7
2017-10-15,10,13238,79.6
2017-10-29,4,13242,76.7
2017-11-22,6,13248,77.1
2017-12-03,1,13249,8.6
2017-12-14,4,13253,4.0
2017-12-15,27,13280,7.7
2017-12-30,14,13294,9.4
2018-01-01,5,13299,8.7
2018-01-03,1,13300,8.3
2018-01-04,4,13304,8.0
2018-01-10,18,13322,10.4
2018-01-23,209,13531,39.7
2018-02-07,570,14101,117.3
2018-02-08,20,14121,118.1
2018-02-09,5,14126,118.1
2018-02-11,8,14134,119.1
2018-02-28,31,14165,123.0
2018-03-01,10,14175,121.9
2018-03-02,1,14176,92.1
2018-03-27,8,14184,11.9
2018-04-02,1,14185,9.1
2018-04-19,1,14186,8.6
2018-04-20,1,14187,7.6
2018-04-29,2,14189,3.4
2018-05-16,181,14370,27.9
2018-05-21,12,14382,29.4
2018-06-19,4674,19056,696.0
2018-06-20,2299,21355,1024.3
2018-07-23,1,21356,1024.3
2018-08-12,28,21384,1028.1
2018-08-15,2,21386,1028.1
2018-08-23,3,21389,1002.7
2018-08-24,14,21403,1003.0
2018-08-26,4,21407,335.9
2018-09-08,3,21410,7.9
2018-11-03,3,21413,8.1
2018-11-25,2,21415,4.4
2018-12-04,19,21434,6.9
2019-01-02,4,21438,7.0
2019-02-11,3,21441,5.4
2019-02-21,5,21446,5.6
2019-02-22,4,21450,5.7
2019-02-25,3,21453,5.7
2019-03-17,2,21455,5.7
2019-03-24,192,21647,30.4
2019-04-18,69,21716,39.7
2019-04-20,249,21965,74.9
2019-04-29,9,21974,75.4
2019-04-30,53,22027,82.4
2019-05-24,6,22033,82.9
2019-06-03,522,22555,157.1
2019-06-04,1630,24185,362.6
2019-06-05,597,24782,438.0
2019-06-06,386,25168,457.6
2019-06-07,559,25727,536.1
2019-06-08,4,25731,529.1
2019-06-09,56,25787,536.3
2019-06-10,31,25818,466.1
2019-06-11,164,25982,256.7
2019-06-12,563,26545,251.9
2019-06-13,11,26556,198.3
2019-06-14,4,26560,119.0
2019-07-07,1,26561,118.6
2019-07-08,1,26562,110.7
2019-07-09,58,26620,114.6
2019-07-10,83,26703,103.0
2019-08-10,13,26716,24.4
2019-09-08,29,26745,27.0
2019-10-30,3,26748,26.9
2019-11-07,460,27208,92.4
2019-11-13,2,27210,92.6
2019-11-26,43,27253,90.4
2019-11-28,4,27257,79.1
2019-11-29,17,27274,79.7
2019-12-02,44,27318,81.9
2019-12-03,22,27340,84.6
2019-12-05,4,27344,19.4
2020-01-01,1,27345,19.3
2020-01-02,9,27354,14.4
2020-01-03,5,27359,14.6
2020-01-05,7,27366,13.1
2020-01-11,1,27367,7.0
2020-01-12,170,27537,28.1
2020-01-13,41,27578,33.4
2020-01-28,44,27622,39.6
2020-01-30,45,27667,44.7
2020-01-31,1,27668,44.1
2020-02-12,19,27687,45.9
2020-02-14,1,27688,45.9
2020-02-17,4,27692,22.1
2020-02-26,71,27763,26.4
2020-03-11,10,27773,21.6
2020-03-16,93,27866,28.4
2020-03-22,2,27868,28.6
2020-03-27,54,27922,33.6
2020-04-02,1,27923,33.6
2020-04-03,2,27925,33.3
2020-04-04,5,27930,23.9
2020-04-05,317,28247,67.7
2020-04-06,76,28323,65.3
2020-04-07,47,28370,71.7
2020-04-08,17,28387,66.4
2020-04-09,212,28599,96.6
2020-04-10,3,28602,96.7
2020-04-11,49,28651,103.0
2020-04-12,3,28654,58.1
2020-04-16,13,28667,49.1
2020-04-17,43,28710,48.6
2020-04-25,3,28713,46.6
2020-04-26,47,28760,23.0
2020-04-27,116,28876,39.1
2020-05-12,507,29383,104.6
2020-05-13,4,29387,104.7
2020-05-15,8,29395,104.0
2020-05-16,8,29403,99.0
2020-05-17,2,29405,98.9
2020-05-18,100,29505,106.4
2020-05-19,4,29509,90.4
2020-05-20,1,29510,18.1
2020-05-21,26,29536,21.3
2020-05-23,5,29541,20.9
2020-05-24,195,29736,47.6
2020-05-25,12,29748,49.0
2020-05-26,47,29795,41.4
2020-05-27,3,29798,41.3
2020-05-30,2,29800,41.4
2020-05-31,20,29820,40.6
2020-06-01,2,29822,40.1
2020-06-02,1,29823,12.4
2020-06-03,28,29851,14.7
2020-06-04,23,29874,11.3
2020-06-05,3,29877,11.3
2020-06-06,6,29883,11.9
2020-06-07,143,30026,29.4
2020-06-08,650,30676,122.0
2020-06-09,3,30679,122.3
2020-06-12,6,30685,119.1
2020-06-13,3,30688,116.3
2020-06-14,131,30819,134.6
2020-06-15,2997,33816,561.9
2020-06-16,29,33845,545.6
2020-06-17,38,33883,458.1
2020-06-18,1,33884,457.9
2020-06-19,909,34793,586.9
2020-06-20,365,35158,638.6
2020-06-21,236,35394,653.6
2020-06-22,17,35411,227.9
2020-06-23,172,35583,248.3
2020-06-30,2,35585,243.1
2020-07-01,1,35586,243.1
2020-07-07,6,35592,114.1
2020-07-09,25,35617,65.6
2020-07-10,8,35625,33.0
2020-07-11,434,36059,92.6
2020-07-12,224,36283,100.0
2020-07-17,37,36320,105.0
2020-07-29,49,36369,111.9
2020-07-30,1,36370,111.1
2020-07-31,1,36371,107.7
2020-08-01,4,36375,107.1
2020-08-03,176,36551,70.3
2020-08-04,28,36579,42.3
2020-08-05,129,36708,55.4
2020-08-10,3,36711,48.9
2020-08-11,1,36712,48.9
2020-08-13,11,36723,50.3
2020-08-14,21,36744,52.7
2020-08-15,12,36756,29.3
2020-09-03,38,36794,30.7
2020-09-04,8,36802,13.4
2020-09-05,184,36986,39.3
2020-09-09,6,36992,40.0
2020-09-10,577,37569,120.9
2020-09-15,17,37586,120.3
2020-09-26,3,37589,119.0
2020-09-29,41,37630,119.4
2020-10-06,122,37752,135.7
2020-10-12,232,37984,142.6
2020-10-20,3,37987,142.1
2020-10-29,2,37989,60.0
2020-10-30,2,37991,57.9
2020-10-31,3,37994,57.9
2020-11-01,9,38003,53.3
2020-11-05,8,38011,37.0
2020-11-06,6,38017,4.7
2020-11-11,7,38024,5.3
2020-11-12,2,38026,5.3
2020-11-14,6,38032,5.9
2020-11-16,1,38033,5.6
2020-11-18,2,38035,4.6
2020-11-19,29,38064,7.6
2020-11-21,37,38101,12.0
2020-11-24,6,38107,11.9
2020-11-25,8,38115,12.7
2020-11-26,205,38320,41.1
2020-11-27,51,38371,48.3
2020-11-28,34,38405,52.9
2020-11-29,309,38714,92.9
2020-11-30,152,38866,109.3
2020-12-01,49,38915,115.4
2020-12-02,15,38930,116.4
2020-12-03,25,38955,90.7
2020-12-04,9,38964,84.7
2020-12-05,23,38987,83.1
2020-12-06,2,38989,39.3
2020-12-07,4,38993,18.1
2020-12-08,84,39077,23.1
2020-12-09,73,39150,31.4
2020-12-10,67,39217,37.4
2020-12-11,22,39239,39.3
2020-12-12,4,39243,36.6
2020-12-14,49,39292,43.3
2020-12-15,580,39872,125.6
2020-12-16,5,39877,114.3
2020-12-18,78,39955,115.0
2020-12-19,19,39974,108.1
2020-12-20,258,40232,141.9
2020-12-21,4,40236,141.9
2020-12-22,81,40317,146.4
2020-12-23,18,40335,66.1
2020-12-24,8316,48651,1253.4
2020-12-25,2,48653,1242.6
2020-12-26,2294,50947,1567.6
2020-12-27,109,51056,1546.3
2021-01-04,5,51061,1546.4
2021-01-05,55,51116,1542.7
2021-01-06,50,51166,1547.3
2021-01-07,1344,52510,551.3
2021-01-09,1,52511,551.1
2021-01-10,62,52573,232.3
2021-01-12,16,52589,219.0
2021-01-13,1,52590,218.4
2021-01-15,8,52598,211.7
2021-01-17,53,52651,212.1
2021-01-19,1,52652,20.3
2021-01-21,99,52751,34.3
2021-01-22,403,53154,83.0
2021-01-23,196,53350,108.7
2021-01-24,440,53790,171.4
2021-01-25,136,53926,189.7
2021-01-26,31,53957,186.6
2021-01-27,1,53958,186.6
2021-01-28,16,53974,174.7
2021-02-01,8,53982,118.3
2021-02-03,124,54106,108.0
2021-02-04,97,54203,59.0
2021-02-05,14,54217,41.6
2021-02-07,1,54218,37.3
2021-02-08,128,54346,55.4
2021-02-18,322,54668,99.1
2021-02-19,159,54827,120.7
2021-02-20,8,54835,104.1
2021-02-21,43,54878,96.4
2021-02-23,277,55155,134.0
2021-02-24,36,55191,139.0
2021-02-25,4,55195,121.3
2021-02-26,9,55204,76.6
2021-02-27,91,55295,66.9
2021-03-01,36,55331,70.9
2021-03-02,236,55567,98.4
2021-03-03,1130,56697,220.3
2021-03-04,160,56857,238.0
2021-03-09,4,56861,238.0
2021-03-11,1,56862,236.9
2021-03-13,2,56864,224.1
2021-03-16,1,56865,219.1
2021-03-17,5,56870,186.1
2021-03-23,1,56871,24.9
2021-03-26,12,56883,3.7
2021-03-27,50,56933,10.3
2021-03-28,4,56937,10.7
2021-03-29,82,57019,22.1
2021-03-30,136,57155,41.4
2021-03-31,60,57215,49.3
2021-04-01,30,57245,53.4
2021-04-08,50,57295,58.9
2021-04-09,65,57360,61.0
2021-04-11,32,57392,65.0
2021-04-12,75,57467,64.0
2021-04-13,93,57560,57.9
2021-04-14,64,57624,58.4
2021-04-15,10,57634,55.6
2021-04-16,5,57639,49.1
2021-04-17,71,57710,50.0
2021-04-18,21,57731,48.4
2021-04-19,4,57735,38.3
2021-04-20,71,57806,35.1
2021-04-21,403,58209,83.6
2021-04-22,866,59075,205.9
2021-04-23,403,59478,262.7
2021-04-24,148,59626,273.7
2021-04-25,149,59775,292.0
2021-04-26,111,59886,307.3
2021-04-27,321,60207,343.0
2021-04-28,251,60458,321.3
2021-04-29,233,60691,230.9
2021-04-30,149,60840,194.6
2021-05-01,246,61086,208.6
2021-05-02,107,61193,202.6
2021-05-03,262,61455,224.1
2021-05-10,35,61490,183.3
2021-05-11,10,61500,148.9
2021-05-12,63,61563,124.6
2021-05-13,1,61564,103.4
2021-05-14,142,61706,88.6
2021-05-15,507,62213,145.7
2021-05-16,97,62310,122.1
2021-05-17,487,62797,186.7
2021-05-18,840,63637,305.3
2021-05-19,47,63684,303.0
2021-05-20,2,63686,303.1
2021-05-21,237,63923,316.7
2021-05-23,11,63934,245.9
2021-05-24,50,63984,239.1
2021-05-25,30,64014,173.9
2021-05-26,53,64067,61.4
2021-05-28,19,64086,57.4
2021-05-29,476,64562,125.1
2021-05-30,267,64829,129.4
2021-05-31,119,64948,144.9
2021-06-01,802,65750,252.3
2021-06-02,41,65791,253.9
2021-06-03,505,66296,318.4
2021-06-04,351,66647,365.9
2021-06-05,9,66656,299.1
2021-06-06,102,66758,275.6
2021-06-07,684,67442,356.3
2021-06-08,374,67816,295.1
2021-06-10,62,67878,298.1
2021-06-11,12,67890,227.7
2021-06-14,28,67918,181.6
2021-06-16,879,68797,305.9
2021-06-17,10,68807,292.7
2021-06-18,359,69166,246.3
2021-06-19,182,69348,218.9
2021-06-20,78,69426,221.1
2021-06-21,76,69502,230.3
2021-06-22,41,69543,232.1
2021-06-23,42,69585,112.6
2021-06-24,35,69620,116.1
2021-06-25,264,69884,102.6
2021-06-26,1509,71393,292.1
2021-06-27,163,71556,304.3
2021-06-28,12,71568,295.1
2021-06-30,3,71571,289.7
2021-07-02,74,71645,294.3
2021-07-15,3,71648,289.7
2021-07-19,13,71661,253.9
2021-07-20,283,71944,78.7
2021-07-21,104,72048,70.3
2021-07-22,310,72358,112.9
2021-07-30,8,72366,113.6
2021-08-02,9,72375,104.3
2021-08-03,250,72625,139.6
2021-08-04,128,72753,156.0
2021-08-05,74,72827,126.1
2021-08-06,417,73244,170.9
2021-08-09,2,73246,126.9
2021-08-10,924,74170,257.7
2021-08-11,41,74211,262.3
2021-08-12,31,74242,231.0
2021-08-16,20,74262,215.6
2021-08-17,417,74679,264.6
2021-08-18,270,74949,243.6
2021-08-19,14,74963,245.3
2021-08-20,125,75088,131.1
2021-08-21,68,75156,135.0
2021-08-22,192,75348,158.0
2021-08-24,1,75349,155.3
2021-08-25,10,75359,97.1
2021-08-26,37,75396,63.9
2021-08-27,14,75410,63.9
2021-08-28,3,75413,46.4
2021-08-30,1,75414,36.9
2021-08-31,29,75443,13.6
2021-09-01,75,75518,24.1
2021-09-02,7,75525,23.7
2021-09-04,1,75526,18.6
2021-09-06,3,75529,17.0
2021-09-07,32,75561,21.1
2021-09-08,47,75608,27.7
2021-09-09,201,75809,52.3
2021-09-10,8,75817,42.7
2021-09-12,3,75820,42.1
2021-09-13,1,75821,42.1
2021-09-14,1,75822,41.9
2021-09-15,18,75840,39.9
2021-09-16,44,75884,39.4
2021-09-19,1,75885,10.9
2021-09-27,139,76024,29.6
2021-09-28,225,76249,61.3
2021-09-29,85,76334,73.3
2021-09-30,29,76363,77.3
2021-10-01,7,76370,75.7
2021-10-02,9,76379,70.7
2021-10-03,6,76385,71.4
2021-10-04,1,76386,51.7
2021-10-06,176,76562,44.7
2021-10-07,3,76565,33.0
2021-10-08,5,76570,29.6
2021-10-10,1,76571,28.7
2021-10-11,48,76619,34.3
2021-10-12,27,76646,37.3
2021-10-13,127,76773,55.3
2021-10-14,46,76819,36.7
2021-10-15,344,77163,85.4
2021-10-16,290,77453,126.1
2021-10-17,35,77488,131.0
2021-10-18,10,77498,125.6
2021-10-19,165,77663,145.3
2021-10-21,16,77679,129.4
2021-10-22,232,77911,156.0
2021-10-23,1,77912,107.0
2021-10-24,2,77914,65.9
2021-10-25,2,77916,61.1
2021-10-26,2,77918,60.0
2021-10-27,60,77978,45.0
2021-10-28,621,78599,131.4
2021-10-29,14,78613,100.3
2021-10-30,1383,79996,297.7
2021-10-31,10,80006,298.9
2021-11-02,2,80008,298.9
2021-11-04,1,80009,298.7
2021-11-06,24,80033,293.6
2021-11-08,13,80046,206.7
2021-11-09,114,80160,221.0
2021-11-10,25,80185,27.0
2021-11-12,850,81035,147.0
2021-11-14,53,81088,154.3
2021-11-16,12,81100,155.9
2021-11-17,22,81122,155.6
2021-11-18,92,81214,166.9
2021-11-21,405,81619,208.4
2021-11-22,19,81638,207.6
2021-11-24,10,81648,87.6
2021-11-26,4,81652,80.6
2021-11-28,2,81654,79.1
2021-11-29,94,81748,89.4
2021-11-30,102,81850,90.9
2021-12-01,33,81883,37.7
2021-12-02,201,82084,63.7
2021-12-04,178,82262,87.7
2021-12-05,401,82663,144.4
2021-12-07,46,82709,150.7
2021-12-08,2,82711,137.6
2021-12-09,2,82713,123.3
2021-12-10,158,82871,141.1
2021-12-11,237,83108,146.3
2021-12-12,701,83809,221.0
2021-12-13,1172,84981,331.1
2021-12-14,238,85219,358.6
2021-12-15,56,85275,366.3
2021-12-16,117,85392,382.7
2021-12-17,73,85465,370.6
2021-12-18,394,85859,393.0
2021-12-19,64,85923,302.0
2021-12-20,131,86054,153.3
2021-12-21,31,86085,123.7
2021-12-22,140,86225,135.7
2021-12-23,6,86231,119.9
2021-12-24,264,86495,147.1
2021-12-25,221,86716,122.4
2021-12-26,80,86796,124.7
2021-12-27,683,87479,203.6
2021-12-28,144,87623,219.7
2021-12-29,29,87652,203.9
2021-12-30,2173,89825,513.4
2021-12-31,2764,92589,870.6
2022-01-01,1940,94529,1116.1
2022-01-02,4294,98823,1718.1
2022-01-03,876,99699,1745.7
2022-01-04,246,99945,1760.3
2022-01-06,1,99946,1756.3
2022-01-07,1367,101313,1641.1
2022-01-08,2719,104032,1634.7
2022-01-09,2911,106943,1773.4
2022-01-10,2585,109528,1529.3
2022-01-11,2691,112219,1788.6
2022-01-12,5566,117785,2548.6
2022-01-13,170,117955,2572.7
2022-01-14,164,118119,2400.9
2022-01-16,4,118123,2013.0
2022-02-01,127,118250,1615.3
2022-02-02,28,118278,1250.0
2022-02-03,2,118280,865.9
2022-02-06,9,118289,72.0
2022-02-10,19,118308,50.4
2022-02-12,6,118314,27.9
2022-02-14,7,118321,28.3
2022-02-16,7,118328,11.1
2022-02-20,1872,120200,274.6
2022-02-22,182,120382,300.3
2022-02-23,4855,125237,992.6
2022-02-24,8465,133702,2199.1
2022-02-25,2660,136362,2578.3
2022-02-26,2657,139019,2956.9
2022-02-27,4634,143653,3617.9
2022-02-28,6539,150192,4284.6
2022-03-01,182,150374,4284.6
2022-03-11,747,151121,3697.7
2022-03-16,2015,153136,2776.3
2022-03-17,33,153169,2401.0
2022-03-18,189,153358,2048.4
2022-03-19,237,153595,1420.3
2022-03-20,712,154307,587.9
2022-03-30,1,154308,562.0
2022-04-02,1,154309,455.4
2022-04-04,6,154315,168.4
2022-04-06,1441,155756,369.6
2022-04-11,95,155851,356.1
2022-04-12,3,155854,322.7
2022-04-13,43,155897,227.1
2022-04-18,988,156885,368.1
2022-04-24,2770,159655,763.7
2022-04-25,2381,162036,1103.0
2022-04-26,439,162475,959.9
2022-04-27,1483,163958,1158.1
2022-04-28,5,163963,1158.4
2022-04-29,125,164088,1170.1
2022-04-30,914,165002,1159.6
2022-05-01,126,165128,781.9
2022-05-02,61,165189,450.4
2022-05-03,500,165689,459.1
2022-05-04,1266,166955,428.1
2022-05-05,1034,167989,575.1
2022-05-06,2006,169995,843.9
2022-05-07,708,170703,814.4
2022-05-08,1,170704,796.6
2022-05-09,109,170813,803.4
2022-05-10,7,170820,733.0
2022-05-11,238,171058,586.1
2022-05-12,2110,173168,739.9
2022-05-13,4,173172,453.9
2022-05-15,917,174089,483.7
2022-05-16,6612,180701,1428.1
2022-05-17,2033,182734,1703.0
2022-05-18,2045,184779,1994.1
2022-05-19,3029,187808,2392.9
2022-05-20,3132,190940,2538.9
2022-05-21,503,191443,2610.1
2022-05-22,39,191482,2484.7
2022-05-23,639,192121,1631.4
2022-05-24,417,192538,1400.6
2022-05-27,20,192558,1111.3
2022-05-28,31,192589,683.0
2022-05-30,13,192602,237.4
2022-05-31,58,192660,173.9
2022-06-01,2,192662,168.6
2022-06-02,2,192664,77.6
2022-06-03,36,192700,23.1
2022-06-04,91,192791,33.3
2022-06-06,380,193171,83.1
2022-06-07,37,193208,86.6
2022-06-08,439,193647,141.0
2022-06-09,1075,194722,294.3
2022-06-10,179,194901,319.6
2022-06-13,1,194902,314.6
2022-06-15,135,195037,320.9
2022-06-16,206,195243,296.0
2022-06-17,153,195396,312.6
2022-06-18,9,195405,251.1
2022-06-19,15,195420,99.7
2022-06-20,43,195463,80.3
2022-06-21,14,195477,82.1
2022-06-22,12,195489,64.6
2022-06-23,392,195881,91.1
2022-06-24,12,195893,71.0
2022-06-25,39,195932,75.3
2022-06-26,2,195934,73.4
2022-06-27,74,196008,77.9
2022-06-28,209,196217,105.7
2022-06-29,196,196413,132.0
2022-06-30,25,196438,79.6
2022-07-01,6,196444,78.7
2022-07-02,14,196458,75.1
2022-07-03,846,197304,195.7
2022-07-04,28,197332,189.1
2022-07-05,12,197344,161.0
2022-07-06,76,197420,143.9
2022-07-07,31,197451,144.7
2022-07-08,38,197489,149.3
2022-07-09,49,197538,154.3
2022-07-10,88,197626,46.0
2022-07-11,183,197809,68.1
2022-07-12,100,197909,80.7
2022-07-13,127,198036,88.0
2022-07-14,60,198096,92.1
2022-07-15,250,198346,122.4
2022-07-16,75,198421,126.1
2022-07-17,70,198491,123.6
2022-07-18,128,198619,115.7
2022-07-19,121,198740,118.7
2022-07-20,105,198845,115.6
2022-07-21,129,198974,125.4
2022-07-22,22,198996,92.9
2022-07-23,79,199075,93.4
2022-07-24,36,199111,88.6
2022-07-25,66,199177,79.7
2022-07-26,36,199213,67.6
2022-07-27,438,199651,115.1
2022-07-28,302,199953,139.9
2022-07-29,180,200133,162.4
2022-07-30,45,200178,157.6
2022-08-01,33,200211,157.1
2022-08-02,59,200270,156.1
2022-08-03,301,200571,194.0
2022-08-08,101,200672,145.9
2022-08-09,59,200731,111.1
2022-08-11,4,200735,86.0
2022-08-12,1599,202334,308.0
2022-08-13,43,202377,309.4
2022-08-14,3,202380,301.4
2022-08-15,44,202424,264.7
2022-08-16,5,202429,251.0
2022-08-17,121,202550,259.9
2022-08-18,38,202588,264.7
2022-08-19,30,202618,40.6
2022-08-20,462,203080,100.4
2022-08-21,5,203085,100.7
2022-08-22,15,203100,96.6
2022-08-23,472,203572,163.3
2022-08-24,56,203628,154.0
2022-08-25,129,203757,167.0
2022-08-26,109,203866,178.3
2022-08-27,41,203907,118.1
2022-08-28,131,204038,136.1
2022-08-29,655,204693,227.6
2022-08-30,531,205224,236.0
2022-08-31,17,205241,230.4
2022-09-01,224,205465,244.0
2022-09-02,161,205626,251.4
2022-09-22,97,205723,259.4
2022-09-23,111,205834,256.6
2022-09-24,33,205867,167.7
2022-09-25,51,205918,99.1
2022-09-26,41,205959,102.6
2022-09-27,7,205966,71.6
2022-09-28,97,206063,62.4
2022-10-04,195,206258,76.4
2022-10-05,522,206780,135.1
2022-10-06,843,207623,250.9
2022-10-07,871,208494,368.0
2022-10-08,365,208859,414.3
2022-10-09,370,209229,466.1
2022-10-10,199,209428,480.7
2022-10-11,421,209849,513.0
2022-10-12,81,209930,450.0
2022-10-13,247,210177,364.9
2022-10-14,231,210408,273.4
2022-10-17,109,210517,236.9
2022-10-18,286,210803,224.9
2022-10-19,160,210963,219.3
2022-10-20,685,211648,257.0
2022-10-21,303,211951,288.7
2022-10-24,276,212227,292.9
2022-10-25,245,212472,294.9
2022-10-26,537,213009,356.0
2022-10-27,111,213120,331.0
2022-10-28,195,213315,336.0
2022-10-29,99,213414,252.3
2022-10-30,247,213661,244.3
2022-10-31,283,213944,245.3
2022-11-01,391,214335,266.1
2022-11-02,158,214493,212.0
2022-11-03,93,214586,209.4
2022-11-04,91,214677,194.6
2022-11-05,307,214984,224.3
2022-11-06,265,215249,226.9
2022-11-07,417,215666,246.0
2022-11-08,285,215951,230.9
2022-11-09,443,216394,271.6
2022-11-10,324,216718,304.6
2022-11-11,279,216997,331.4
2022-11-12,288,217285,328.7
2022-11-13,589,217874,375.0
2022-11-14,70,217944,325.4
2022-11-15,120,218064,301.9
2022-11-16,257,218321,275.3
2022-11-17,362,218683,280.7
2022-11-18,470,219153,308.0
2022-11-19,362,219515,318.6
2022-11-20,173,219688,259.1
2022-11-21,283,219971,289.6
2022-11-22,416,220387,331.9
2022-11-23,122,220509,312.6
2022-11-24,577,221086,343.3
2022-11-25,104,221190,291.0
2022-11-26,178,221368,264.7
2022-11-27,531,221899,315.9
2022-11-28,378,222277,329.4
2022-11-29,947,223224,405.3
2022-11-30,199,223423,416.3
2022-12-01,104,223527,348.7
2022-12-02,534,224061,410.1
2022-12-03,284,224345,425.3
2022-12-04,54,224399,357.1
2022-12-05,118,224517,320.0
2022-12-06,135,224652,204.0
2022-12-07,290,224942,217.0
2022-12-08,447,225389,266.0
2022-12-09,95,225484,203.3
2022-12-10,106,225590,177.9
2022-12-11,142,225732,190.4
2022-12-12,274,226006,212.7
2022-12-13,462,226468,259.4
2022-12-14,349,226817,267.9
2022-12-15,137,226954,223.6
2022-12-16,46,227000,216.6
2022-12-17,96,227096,215.1
2022-12-18,107,227203,210.1
2022-12-19,189,227392,198.0
2022-12-20,50,227442,139.1
2022-12-21,75,227517,100.0
2022-12-22,172,227689,105.0
2022-12-23,174,227863,123.3
2022-12-24,52,227915,117.0
2022-12-25,129,228044,120.1
2022-12-26,182,228226,119.1
2022-12-27,41,228267,117.9
2022-12-28,35,228302,112.1
2022-12-29,65,228367,96.9
2022-12-30,67,228434,81.6
2022-12-31,148,228582,95.3
2023-01-01,113,228695,93.0
2023-01-02,88,228783,79.6
2023-01-03,32,228815,78.3
2023-01-04,84,228899,85.3
2023-01-05,46,228945,82.6
2023-01-06,100,229045,87.3
2023-01-07,189,229234,93.1
2023-01-08,102,229336,91.6
2023-01-09,58,229394,87.3
2023-01-10,44,229438,89.0
2023-01-11,45,229483,83.4
2023-01-12,59,229542,85.3
2023-01-13,92,229634,84.1
2023-01-14,7,229641,58.1
2023-01-15,58,229699,51.9
2023-01-16,19,229718,46.3
2023-01-17,68,229786,49.7
2023-01-18,253,230039,79.4
2023-01-19,92,230131,84.1
2023-01-20,48,230179,77.9
2023-01-21,16,230195,79.1
2023-01-22,66,230261,80.3
2023-01-23,47,230308,84.3
2023-01-25,3,230311,75.0
2023-01-26,85,230396,51.0
2023-01-27,1,230397,38.0
2023-01-28,8,230405,32.3
2023-01-29,26,230431,33.7
2023-01-30,19,230450,27.0
2023-01-31,12,230462,22.0
2023-02-01,30,230492,25.9
2023-02-02,12,230504,15.4
2023-02-03,8,230512,16.4
2023-02-04,19,230531,18.0
2023-02-05,43,230574,20.4
2023-02-06,61,230635,26.4
2023-02-07,65,230700,34.0
2023-02-08,94,230794,43.1
2023-02-09,49,230843,48.4
2023-02-10,319,231162,92.9
2023-02-11,903,232065,219.1
2023-02-12,111,232176,228.9
2023-02-13,70,232246,230.1
2023-02-14,55,232301,228.7
2023-02-15,179,232480,240.9
2023-02-16,88,232568,246.4
2023-02-17,22,232590,204.0
2023-02-18,21,232611,78.0
2023-02-19,5,232616,62.9
2023-02-20,22,232638,56.0
2023-02-21,59,232697,56.6
2023-02-22,50,232747,38.1
2023-02-23,788,233535,138.1
2023-02-24,56,233591,143.0
2023-02-25,2,233593,140.3
2023-02-26,7,233600,140.6
2023-02-27,3,233603,137.9
2023-02-28,36,233639,134.6
2023-03-01,8,233647,128.6
2023-03-02,98,233745,30.0
2023-03-03,85,233830,34.1
2023-03-04,781,234611,145.4
2023-03-05,276,234887,183.9
2023-03-06,152,235039,205.1
2023-03-07,540,235579,277.1
2023-03-08,130,235709,294.6
2023-03-09,224,235933,312.6
2023-03-10,733,236666,405.1
2023-03-11,70,236736,303.6
2023-03-12,338,237074,312.4
2023-03-13,220,237294,322.1
2023-03-14,11,237305,246.6
2023-03-15,34,237339,232.9
2023-03-16,287,237626,241.9
2023-03-17,35,237661,142.1
2023-03-18,48,237709,139.0
2023-03-19,33,237742,95.4
2023-03-20,201,237943,92.7
2023-03-21,453,238396,155.9
2023-03-22,6,238402,151.9
2023-03-24,19,238421,113.6
2023-03-25,25,238446,112.1
2023-03-26,282,238728,145.6
2023-03-27,32,238760,145.4
2023-03-28,71,238831,126.9
2023-03-29,109,238940,77.7
2023-03-30,96,239036,90.6
2023-03-31,90,239126,100.7
2023-04-01,94,239220,110.6
2023-04-02,187,239407,97.0
2023-04-03,11,239418,94.0
2023-04-04,294,239712,125.9
2023-04-05,48,239760,117.1
2023-04-06,41,239801,109.3
2023-04-07,2,239803,96.7
2023-04-08,104,239907,98.1
2023-04-10,11,239918,73.0
2023-04-11,37,239955,76.7
2023-04-12,177,240132,60.0
2023-04-13,230,240362,86.0
2023-04-14,28,240390,84.1
2023-04-15,34,240424,88.7
2023-04-16,66,240490,83.3
2023-04-17,13,240503,83.6
2023-04-18,67,240570,87.9
2023-04-19,22,240592,65.7
2023-04-20,21,240613,35.9
2023-04-21,390,241003,87.6
2023-04-22,39,241042,88.3
2023-04-23,1,241043,79.0
2023-04-24,55,241098,85.0
2023-04-25,88,241186,88.0
2023-04-26,143,241329,105.3
2023-04-27,122,241451,119.7
2023-04-28,39,241490,69.6
2023-04-29,16,241506,66.3
2023-04-30,31,241537,70.6
2023-05-01,30,241567,67.0
2023-05-02,37,241604,59.7
2023-05-03,114,241718,55.6
2023-05-04,39,241757,43.7
2023-05-05,2,241759,38.4
2023-05-06,99,241858,50.3
2023-05-07,6,241864,46.7
2023-05-08,6,241870,43.3
2023-05-09,13,241883,39.9
2023-05-10,74,241957,34.1
2023-05-11,108,242065,44.0
2023-05-12,3,242068,44.1
2023-05-13,27,242095,33.9
2023-05-14,7,242102,34.0
2023-05-15,58,242160,41.4
2023-05-16,80,242240,51.0
2023-05-18,191,242431,67.7
2023-05-19,65,242496,61.6
2023-05-20,23,242519,64.4
2023-05-22,323,242842,106.7
2023-05-24,43,242885,111.9
2023-05-25,33,242918,108.3
2023-05-26,22,242940,100.0
2023-05-28,34,242974,77.6
2023-05-29,2,242976,68.6
2023-05-30,3,242979,65.7
2023-06-02,204,243183,48.7
2023-06-04,38,243221,48.0
2023-06-05,24,243245,46.7
2023-06-06,7,243252,44.6
2023-06-07,133,243385,58.7
2023-06-08,82,243467,70.1
2023-06-09,21,243488,72.7
2023-06-10,52,243540,51.0
2023-06-11,60,243600,54.1
2023-06-12,121,243721,68.0
2023-06-13,19,243740,69.7
2023-06-14,84,243824,62.7
2023-06-15,35,243859,56.0
2023-06-16,94,243953,66.4
2023-06-17,27,243980,62.9
2023-06-18,90,244070,67.1
2023-06-19,60,244130,58.4
2023-06-20,203,244333,84.7
2023-06-21,4,244337,73.3
2023-06-22,62,244399,77.1
2023-06-23,11,244410,65.3
2023-06-24,49,244459,68.4
2023-06-25,43,244502,61.7
2023-06-26,20,244522,56.0
2023-06-27,12,244534,28.7
2023-06-28,91,244625,41.1
2023-06-29,19,244644,35.0
2023-06-30,809,245453,149.0
2023-07-01,28,245481,146.0
2023-07-02,47,245528,146.6
2023-07-03,187,245715,170.4
2023-07-04,68,245783,178.4
2023-07-05,56,245839,173.4
2023-07-06,68,245907,180.4
2023-07-07,34,245941,69.7
2023-07-08,232,246173,98.9
2023-07-09,56,246229,100.1
2023-07-10,688,246917,171.7
2023-07-11,74,246991,172.6
2023-07-12,95,247086,178.1
2023-07-14,265,247351,206.3
2023-07-15,3,247354,201.9
2023-07-16,137,247491,188.3
2023-07-17,14,247505,182.3
2023-07-18,296,247801,126.3
2023-07-19,205,248006,145.0
2023-07-20,94,248100,144.9
2023-07-21,52,248152,114.4
2023-07-22,186,248338,140.6
2023-07-23,1,248339,121.1
2023-07-24,171,248510,143.6
2023-07-25,110,248620,117.0
2023-07-26,134,248754,106.9
2023-07-27,29,248783,97.6
2023-07-28,60,248843,98.7
2023-07-29,2,248845,72.4
2023-07-30,73,248918,82.7
2023-07-31,4,248922,58.9
2023-08-01,27,248949,47.0
2023-08-02,107,249056,43.1
2023-08-03,190,249246,66.1
2023-08-04,174,249420,82.4
2023-08-05,209,249629,112.0
2023-08-06,93,249722,114.9
2023-08-07,50,249772,121.4
2023-08-08,592,250364,202.1
2023-08-09,198,250562,215.1
2023-08-11,38,250600,193.4
2023-08-12,30,250630,172.9
2023-08-13,3,250633,143.4
2023-08-14,31,250664,134.6
2023-08-15,19,250683,130.1
2023-08-16,148,250831,66.7
2023-08-17,27,250858,42.3
2023-08-18,194,251052,64.6
2023-08-19,32,251084,64.9
2023-08-20,112,251196,80.4
2023-08-21,277,251473,115.6
2023-08-22,109,251582,128.4
2023-08-24,43,251625,113.4
2023-08-25,34,251659,114.4
2023-08-26,426,252085,147.6
2023-08-27,248,252333,178.4
2023-08-28,37,252370,167.7
2023-08-29,476,252846,196.1
2023-08-30,41,252887,186.4
2023-08-31,112,252999,196.3
2023-09-01,30,253029,195.7
2023-09-02,63,253092,143.9
2023-09-03,67,253159,118.0
2023-09-04,351,253510,162.9
2023-09-05,55,253565,102.7
2023-09-06,96,253661,110.6
2023-09-08,63,253724,103.6
2023-09-10,511,254235,172.3
2023-09-11,2,254237,163.6
2023-09-12,255,254492,190.4
2023-09-13,16,254508,142.6
2023-09-14,80,254588,146.1
2023-09-15,108,254696,147.9
2023-09-16,54,254750,146.6
2023-09-18,25,254775,77.1
2023-09-19,63,254838,85.9
2023-09-20,287,255125,90.4
2023-09-21,42,255167,94.1
2023-09-22,12,255179,84.4
2023-09-23,241,255420,103.4
2023-09-24,196,255616,123.7
2023-09-25,29,255645,124.3
2023-09-26,18,255663,117.9
2023-09-27,288,255951,118.0
2023-09-28,66,256017,121.4
2023-09-29,175,256192,144.7
2023-09-30,112,256304,126.3
2023-10-01,1,256305,98.4
2023-10-02,56,256361,102.3
2023-10-04,32,256393,104.3
2023-10-05,122,256515,80.6
2023-10-06,84,256599,83.1
2023-10-07,8,256607,59.3
2023-10-08,64,256671,52.4
2023-10-09,2,256673,52.6
2023-10-10,57,256730,52.7
2023-10-12,78,256808,59.3
2023-10-13,115,256923,58.3
2023-10-14,67,256990,55.9
2023-10-15,82,257072,66.4
2023-10-16,149,257221,78.6
2023-10-17,355,257576,129.0
2023-10-18,55,257631,128.7
2023-10-19,176,257807,142.7
2023-10-20,114,257921,142.6
2023-10-21,108,258029,148.4
2023-10-22,214,258243,167.3
2023-10-23,33,258276,150.7
2023-10-24,64,258340,109.1
2023-10-25,256,258596,137.9
2023-10-26,328,258924,159.6
2023-10-27,289,259213,184.6
2023-10-28,85,259298,181.3
2023-10-29,315,259613,195.7
2023-10-30,215,259828,221.7
2023-10-31,368,260196,265.1
2023-11-01,129,260325,247.0
2023-11-02,150,260475,221.6
2023-11-04,43,260518,186.4
2023-11-05,56,260574,182.3
2023-11-06,85,260659,149.4
2023-11-07,202,260861,147.6
2023-11-08,264,261125,132.7
2023-11-09,108,261233,129.7
2023-11-10,70,261303,118.3
2023-11-11,71,261374,122.3
2023-11-12,68,261442,124.0
2023-11-13,295,261737,154.0
2023-11-14,211,261948,155.3
2023-11-15,57,262005,125.7
2023-11-16,98,262103,124.3
2023-11-17,24,262127,117.7
2023-11-18,188,262315,134.4
2023-11-19,73,262388,135.1
2023-11-20,73,262461,103.4
2023-11-21,112,262573,89.3
2023-11-22,158,262731,103.7
2023-11-23,296,263027,132.0
2023-11-24,83,263110,140.4
2023-11-25,46,263156,120.1
2023-11-26,185,263341,136.1
2023-11-27,135,263476,145.0
2023-11-28,377,263853,182.9
2023-11-29,159,264012,183.0
2023-11-30,50,264062,147.9
2023-12-01,21,264083,139.0
2023-12-02,469,264552,199.4
2023-12-03,183,264735,199.1
2023-12-04,95,264830,193.4
2023-12-05,194,265024,167.3
2023-12-06,138,265162,164.3
2023-12-07,429,265591,218.4
2023-12-08,210,265801,245.4
2023-12-09,132,265933,197.3
2023-12-10,47,265980,177.9
2023-12-11,33,266013,169.0
2023-12-12,317,266330,186.6
2023-12-13,83,266413,178.7
2023-12-14,62,266475,126.3
2024-01-02,4,266479,96.9
2024-01-03,90,266569,90.9
2024-01-04,27,266596,88.0
2024-01-05,19,266615,86.0
2024-01-06,113,266728,56.9
2024-01-07,69,266797,54.9
2024-01-08,140,266937,66.0
2024-01-09,15,266952,67.6
2024-01-10,65,267017,64.0
2024-01-11,23,267040,63.4
2024-01-12,383,267423,115.4
2024-01-13,7,267430,100.3
2024-01-14,217,267647,121.4
2024-01-15,74,267721,112.0
2024-01-16,144,267865,130.4
2024-01-17,14,267879,123.1
2024-01-18,240,268119,154.1
2024-01-19,21,268140,102.4
2024-01-20,282,268422,141.7
2024-01-21,54,268476,118.4
2024-01-22,339,268815,156.3
2024-01-23,145,268960,156.4
2024-01-24,185,269145,180.9
2024-01-25,197,269342,174.7
2024-01-26,60,269402,180.3
2024-01-27,136,269538,159.4
2024-01-28,37,269575,157.0
2024-01-29,111,269686,124.4
2024-01-30,137,269823,123.3
2024-01-31,535,270358,173.3
2024-02-01,251,270609,181.0
2024-02-02,36,270645,177.6
2024-02-03,99,270744,172.3
2024-02-04,600,271344,252.7
2024-02-05,200,271544,265.4
2024-02-06,125,271669,263.7
2024-02-07,448,272117,251.3
2024-02-08,369,272486,268.1
2024-02-09,329,272815,310.0
2024-02-10,351,273166,346.0
2024-02-11,120,273286,277.4
2024-02-12,256,273542,285.4
2024-02-13,86,273628,279.9
2024-02-14,424,274052,276.4
2024-02-15,87,274139,236.1
2024-02-16,49,274188,196.1
2024-02-17,90,274278,158.9
2024-02-18,62,274340,150.6
2024-02-19,131,274471,132.7
2024-02-20,716,275187,222.7
2024-02-21,1463,276650,371.1
2024-02-22,214,276864,389.3
2024-02-23,350,277214,432.3
2024-02-24,100,277314,433.7
2024-02-26,444,277758,488.3
2024-02-27,2159,279917,778.0
2024-02-28,2934,282851,1094.9
2024-02-29,2651,285502,1264.6
2024-03-01,2671,288173,1615.6
2024-03-02,2543,290716,1928.9
2024-03-03,2612,293328,2287.7
2024-03-04,1707,295035,2468.1
2024-03-06,184,295219,2186.0
2024-05-02,146,295365,1787.7
2024-05-03,966,296331,1547.0
2024-05-04,301,296632,1208.4
2024-05-07,54,296686,852.9
2024-05-08,60,296746,488.3
2024-05-09,243,296989,279.1
2024-05-10,249,297238,288.4
2024-05-11,23,297261,270.9
2024-05-12,264,297525,170.6
2024-05-13,129,297654,146.0
2024-05-14,60,297714,146.9
2024-05-15,837,298551,257.9
2024-05-16,155,298706,245.3
2024-05-17,2,298708,210.0
2024-05-18,61,298769,215.4
2024-05-19,347,299116,227.3
2024-05-20,91,299207,221.9
2024-05-21,20,299227,216.1
2024-05-22,42,299269,102.6
2024-05-23,62,299331,89.3
2024-05-24,285,299616,129.7
2024-05-25,131,299747,139.7
2024-05-26,27,299774,94.0
2024-05-27,35,299809,86.0
2024-05-28,14,299823,85.1
2024-05-29,3,299826,79.6
2024-05-30,12,299838,72.4
2024-05-31,121,299959,49.0
2024-06-01,223,300182,62.1
2024-06-02,72,300254,68.6
2024-06-03,53,300307,71.1
2024-06-04,4,300311,69.7
2024-06-05,4,300315,69.9
2024-06-06,2,300317,68.4
2024-06-07,435,300752,113.3
2024-06-08,1350,302102,274.3
2024-06-09,1896,303998,534.9
2024-06-10,22,304020,530.4
2024-06-20,277,304297,569.4
2024-06-21,398,304695,625.7
2024-06-22,200,304895,654.0
2024-06-23,26,304921,595.6
2024-06-24,9,304930,404.0
2024-06-26,110,305040,148.9
2024-06-28,10,305050,147.1
2024-06-29,2,305052,107.9
2024-07-04,309,305361,95.1
2024-07-05,576,305937,148.9
2024-07-06,85,306022,157.3
2024-07-07,1,306023,156.1
2024-07-08,190,306213,167.6
2024-07-09,349,306562,216.0
2024-07-10,219,306781,247.0
2024-07-11,4,306785,203.4
2024-07-12,6,306791,122.0
2024-07-13,45,306836,116.3
2024-07-14,270,307106,154.7
2024-07-15,163,307269,150.9
2024-07-16,160,307429,123.9
2024-07-17,401,307830,149.9
2024-07-30,118,307948,166.1
2024-07-31,289,308237,206.6
2024-08-01,386,308623,255.3
2024-08-02,115,308738,233.1
2024-08-03,143,308881,230.3
2024-08-04,345,309226,256.7
2024-08-05,27,309253,203.3
2024-08-06,205,309458,215.7
2024-08-07,90,309548,187.3
2024-08-08,97,309645,146.0
2024-08-09,21,309666,132.6
2024-08-10,34,309700,117.0
2024-08-12,50,309750,74.9
2024-08-13,2,309752,71.3
2024-08-14,800,310552,156.3
2024-08-15,19,310571,146.1
2024-08-16,66,310637,141.7
2024-08-18,50,310687,145.9
2024-08-19,12,310699,142.7
2024-08-20,132,310831,154.4
2024-08-22,74,310905,164.7
2024-08-24,123,311028,68.0
2024-08-26,60,311088,73.9
2024-08-28,111,311199,80.3
2024-08-29,3,311202,73.6
2024-08-30,313,311515,116.6
2024-09-01,2,311517,98.0
2024-09-02,102,311619,102.0
2024-09-04,115,311734,100.9
2024-09-06,126,311860,110.3
2024-09-07,40,311900,100.1
2024-09-08,145,312045,120.4
2024-09-09,57,312102,83.9
2024-09-10,70,312172,93.6
2024-09-11,292,312464,120.7
2024-09-12,152,312616,126.0
2024-09-13,181,312797,133.9
2024-09-14,233,313030,161.4
2024-09-15,346,313376,190.1
2024-09-16,280,313656,222.0
2024-09-17,3,313659,212.4
2024-09-18,3,313662,171.1
2024-09-24,58,313720,157.7
2024-09-25,203,313923,160.9
2024-09-26,45,313968,134.0
2024-09-27,154,314122,106.6
2024-09-28,248,314370,102.0
2024-09-29,118,314488,118.4
2024-09-30,65,314553,127.3
2024-10-01,114,314667,135.3
2024-10-02,464,315131,172.6
2024-10-03,2030,317161,456.1
2024-10-04,318,317479,479.6
2024-10-05,9,317488,445.4
2024-10-06,320,317808,474.3
2024-10-08,67,317875,474.6
2024-10-09,129,318004,476.7
2024-10-10,413,318417,469.4
2024-10-11,551,318968,258.1
2024-10-12,32,319000,217.3
2024-10-14,74,319074,226.6
2024-10-15,17,319091,183.3
2024-10-16,907,319998,303.3
2024-10-17,222,320220,316.6
2024-10-18,421,320641,317.7
2024-10-19,967,321608,377.1
2024-10-20,272,321880,411.4
2024-10-21,188,322068,427.7
2024-10-22,599,322667,510.9
2024-10-23,100,322767,395.6
2024-10-24,105,322872,378.9
2024-10-25,653,323525,412.0
2024-10-26,321,323846,319.7
2024-10-27,473,324319,348.4
2024-10-28,1075,325394,475.1
2024-10-29,477,325871,457.7
2024-10-30,34,325905,448.3
2024-10-31,37,325942,438.6
2024-11-01,73,326015,355.7
2024-11-02,331,326346,357.1
2024-11-03,15,326361,291.7
2024-11-04,118,326479,155.0
2024-11-05,86,326565,99.1
2024-11-06,262,326827,131.7
2024-11-07,166,326993,150.1
2024-11-08,85,327078,151.9
2024-11-09,251,327329,140.4
2024-11-10,467,327796,205.0
2024-11-11,164,327960,211.6
2024-11-12,231,328191,232.3
2024-11-13,147,328338,215.9
2024-11-14,713,329051,294.0
2024-11-15,305,329356,325.4
2024-11-16,136,329492,309.0
2024-11-17,212,329704,272.6
2024-11-18,284,329988,289.7
2024-11-19,159,330147,279.4
2024-11-20,642,330789,350.1
2024-11-21,1438,332227,453.7
2024-11-22,863,333090,533.4
2024-11-23,2913,336003,930.1
2024-11-24,323,336326,946.0
2024-11-25,274,336600,944.6
2024-11-26,1244,337844,1099.6
2024-11-27,769,338613,1117.7
2024-11-28,313,338926,957.0
2024-11-29,65,338991,843.0
2024-11-30,189,339180,453.9
2024-12-01,3,339183,408.1
2024-12-02,189,339372,396.0
2024-12-03,13,339385,220.1
2024-12-04,148,339533,131.4
2024-12-05,31,339564,91.1
2024-12-06,42,339606,87.9
2024-12-07,48,339654,67.7
2024-12-08,48,339702,74.1
2024-12-09,16,339718,49.4
2024-12-10,175,339893,72.6
2024-12-11,207,340100,81.0
2024-12-12,144,340244,97.1
2024-12-24,891,341135,218.4
2024-12-25,301,341436,254.6
2024-12-26,101,341537,262.1
2024-12-27,251,341788,295.7
2024-12-28,380,342168,325.0
2024-12-29,107,342275,310.7
2024-12-30,313,342588,334.9
2024-12-31,61,342649,216.3
2025-01-02,186,342835,199.9
2025-01-03,120,342955,202.6
2025-01-04,2062,345017,461.3
2025-01-05,69,345086,416.9
2025-01-06,211,345297,431.7
2025-01-07,2,345299,387.3
2025-01-08,14,345313,380.6
2025-01-09,13,345326,355.9
2025-01-10,205,345531,368.0
2025-01-11,47,345578,80.1
2025-01-12,36,345614,75.4
2025-01-14,26,345640,49.0
2025-01-15,12,345652,50.4
2025-01-16,65,345717,57.7
2025-01-18,231,345948,88.9
2025-01-19,10,345958,61.0
2025-01-20,552,346510,133.1
2025-01-21,219,346729,159.3
2025-01-22,477,347206,223.7
2025-01-23,21,347227,225.0
2025-01-24,342,347569,264.6
2025-01-25,12,347581,233.3
2025-01-26,265,347846,269.7
2025-01-27,18,347864,193.4
2025-01-28,435,348299,224.3
2025-01-29,2,348301,156.4
2025-01-30,306,348607,197.1
2025-01-31,277,348884,187.9
2025-02-01,558,349442,265.9
2025-02-02,18,349460,230.6
2025-02-03,170,349630,252.3
2025-02-04,341,349971,238.9
2025-02-05,49,350020,245.6
2025-02-06,131,350151,220.6
2025-02-07,456,350607,246.1
2025-02-08,283,350890,206.9
2025-02-09,172,351062,228.9
2025-02-10,773,351835,315.0
2025-02-11,29,351864,270.4
2025-02-12,302,352166,306.6
2025-02-13,750,352916,395.0
2025-02-14,353,353269,380.3
2025-02-15,433,353702,401.7
2025-02-16,48,353750,384.0
2025-02-17,201,353951,302.3
2025-02-18,105,354056,313.1
2025-02-19,55,354111,277.9
2025-02-20,260,354371,207.9
2025-02-21,167,354538,181.3
2025-02-22,600,355138,205.1
2025-02-23,193,355331,225.9
2025-02-24,276,355607,236.6
2025-02-25,188,355795,248.4
2025-02-26,149,355944,261.9
2025-02-27,334,356278,272.4
2025-02-28,1971,358249,530.1
2025-03-01,1023,359272,590.6
2025-03-02,1943,361215,840.6
2025-03-03,2319,363534,1132.4
2025-03-04,1107,364641,1263.7
2025-03-05,633,365274,1332.9
2025-03-06,274,365548,1324.3
2025-03-07,250,365798,1078.4
2025-03-08,340,366138,980.9
2025-03-09,193,366331,730.9
2025-03-10,661,366992,494.0
2025-03-11,484,367476,405.0
2025-03-12,1756,369232,565.4
2025-03-13,2499,371731,883.3
2025-03-14,656,372387,941.3
2025-03-15,249,372636,928.3
2025-03-16,271,372907,939.4
2025-03-17,1131,374038,1006.6
2025-03-18,32,374070,942.0
2025-03-19,74,374144,701.7
2025-03-20,71,374215,354.9
2025-03-21,1187,375402,430.7
2025-03-22,195,375597,423.0
2025-03-23,245,375842,419.3
2025-03-24,740,376582,363.4
2025-03-25,1540,378122,578.9
2025-03-26,944,379066,703.1
2025-03-27,2224,381290,1010.7
2025-03-28,1620,382910,1072.6
2025-03-29,233,383143,1078.0
2025-03-30,974,384117,1182.1
2025-03-31,458,384575,1141.9
2025-04-03,345,384920,971.1
2025-04-04,2308,387228,1166.0
2025-04-05,821,388049,965.6
2025-04-06,1482,389531,945.9
2025-04-07,1981,391512,1195.6
2025-04-08,951,392463,1192.3
2025-04-09,535,392998,1203.3
2025-04-10,875,393873,1279.0
2025-04-11,952,394825,1085.3
2025-04-12,4191,399016,1566.7
2025-04-13,201,399217,1383.7
2025-04-14,869,400086,1224.9
2025-04-15,31,400117,1093.4
2025-04-16,1361,401478,1211.4
2025-04-17,1350,402828,1279.3
2025-04-18,2404,405232,1486.7
2025-04-19,676,405908,984.6
2025-04-20,1588,407496,1182.7
2025-04-21,2050,409546,1351.4
2025-04-22,210,409756,1377.0
2025-04-23,985,410741,1323.3
2025-04-24,2006,412747,1417.0
2025-04-25,204,412951,1102.7
2025-04-26,2185,415136,1318.3
2025-04-27,764,415900,1200.6
2025-04-28,1733,417633,1155.3
2025-04-29,601,418234,1211.1
2025-05-05,2121,420355,1373.4
2025-05-06,3108,423463,1530.9
2025-05-07,162,423625,1524.9
2025-05-08,2758,426383,1606.7
2025-05-09,2143,428526,1803.7
2025-05-10,4963,433489,2265.1
2025-05-11,257,433746,2216.0
2025-05-12,4214,437960,2515.0
2025-05-13,3827,441787,2617.7
2025-05-14,2592,444379,2964.9
2025-05-15,1260,445639,2750.9
2025-05-16,6689,452328,3400.3
2025-05-17,176,452504,2716.4
2025-05-18,2628,455132,3055.1
2025-05-19,1921,457053,2727.6
2025-05-20,6837,463890,3157.6
2025-05-21,1364,465254,2982.1
2025-05-22,3814,469068,3347.0
2025-05-23,1343,470411,2583.3
2025-05-24,2567,472978,2924.9
2025-05-26,2448,475426,2899.1
2025-05-27,8,475434,2625.9
2025-05-28,8,475442,1650.3
2025-05-29,15,475457,1457.6
2025-05-30,2750,478207,1305.6
2025-05-31,1167,479374,1280.4
2025-06-01,2830,482204,1318.0
2025-06-02,5054,487258,1690.3
2025-06-03,2854,490112,2096.9
2025-06-04,6069,496181,2962.7
2025-06-05,1474,497655,3171.1
2025-06-06,5940,503595,3626.9
2025-06-07,2300,505895,3788.7
2025-06-08,3531,509426,3888.9
2025-06-09,1092,510518,3322.9
2025-06-10,3777,514295,3454.7
2025-06-11,7082,521377,3599.4
2025-06-12,5307,526684,4147.0
2025-06-13,1429,528113,3502.6
2025-06-14,2082,530195,3471.4
2025-06-15,1209,531404,3139.7
2025-06-16,3536,534940,3488.9
2025-06-17,2052,536992,3242.4
2025-06-18,26786,563778,6057.3
2025-06-19,3750,567528,5834.9
2025-06-20,3239,570767,6093.4
2025-06-21,900,571667,5924.6
2025-06-22,9689,581356,7136.0
2025-06-23,887,582243,6757.6
2025-06-24,1878,584121,6732.7
2025-06-25,4300,588421,3520.4
2025-06-26,1991,590412,3269.1
2025-06-27,1307,591719,2993.1
2025-06-28,2031,593750,3154.7
2025-06-29,1102,594852,1928.0
2025-06-30,6031,600883,2662.9
2025-07-01,1490,602373,2607.4
2025-07-02,3471,605844,2489.0
2025-07-03,2173,608017,2515.0
2025-07-04,3348,611365,2806.6
2025-07-05,4899,616264,3216.3
2025-07-06,1969,618233,3340.1
2025-07-07,4307,622540,3093.9
2025-07-08,6481,629021,3806.9
2025-07-09,4067,633088,3892.0
2025-07-10,969,634057,3720.0
2025-07-11,4655,638712,3906.7
2025-07-12,2296,641008,3534.9
2025-07-13,8052,649060,4403.9
2025-07-14,1012,650072,3933.1
2025-07-15,61,650133,3016.0
2025-07-16,1393,651526,2634.0
2025-07-17,628,652154,2585.3
2025-07-18,1493,653647,2133.6
2025-07-19,3105,656752,2249.1
2025-07-20,4172,660924,1694.9
2025-07-21,755,661679,1658.1
2025-07-22,752,662431,1756.9
2025-07-23,1171,663602,1725.1
2025-07-24,333,663935,1683.0
2025-07-25,2051,665986,1762.7
2025-07-26,1243,667229,1496.7
2025-07-27,3931,671160,1462.3
2025-07-28,824,671984,1472.1
2025-07-29,81,672065,1376.3
2025-07-30,882,672947,1335.0
2025-07-31,1120,674067,1447.4
2025-08-01,1314,675381,1342.1
2025-08-02,1779,677160,1418.7
2025-08-03,1465,678625,1066.4
2025-08-04,604,679229,1035.0
2025-08-05,790,680019,1136.3
2025-08-06,1523,681542,1227.9
2025-08-07,2263,683805,1391.1
2025-08-08,2263,686068,1526.7
2025-08-09,1087,687155,1427.9
2025-08-10,2117,689272,1521.0
2025-08-11,901,690173,1563.4
2025-08-12,1426,691599,1654.3
2025-08-13,2412,694011,1781.3
2025-08-14,1283,695294,1641.3
2025-08-15,2,695296,1318.3
2025-08-16,14,695310,1165.0
2025-08-18,1148,696458,1026.6
2025-08-19,16,696474,900.1
2025-08-21,296,696770,738.7
2025-08-22,528,697298,469.6
2025-08-23,1068,698366,438.9
2025-08-24,975,699341,577.9
2025-08-25,1278,700619,758.4
2025-08-26,112,700731,610.4
2025-08-27,10,700741,609.6
2025-08-28,1777,702518,821.1
2025-08-29,844,703362,866.3
2025-08-30,2,703364,714.0
2025-08-31,90,703454,587.6
2025-09-01,157,703611,427.4
2025-09-03,186,703797,438.0
2025-09-04,616,704413,524.6
2025-09-05,14,704427,272.7
2025-09-06,64,704491,161.3
2025-09-08,224,704715,193.0
2025-09-09,140,704855,200.1
2025-09-10,117,704972,194.4
2025-09-11,1495,706467,381.4
2025-09-12,740,707207,399.1
2025-09-13,18,707225,399.7
2025-09-14,177,707402,415.9
2025-09-15,1585,708987,610.3
2025-09-16,6,708993,591.1
2025-09-17,124,709117,592.1
2025-09-18,114,709231,394.9
2025-09-19,241,709472,323.6
2025-09-20,86,709558,333.3
2025-09-21,102,709660,322.6
2025-09-22,481,710141,164.9
2025-09-23,607,710748,250.7
2025-09-24,3451,714199,726.0
2025-09-25,941,715140,844.1
2025-09-26,1287,716427,993.6
2025-09-27,974,717401,1120.4
2025-09-28,465,717866,1172.3
2025-09-29,1326,719192,1293.0
2025-09-30,1636,720828,1440.0
2025-10-01,1500,722328,1161.3
2025-10-02,2231,724559,1345.6
2025-10-03,762,725321,1270.6
2025-10-04,1569,726890,1355.6
2025-10-05,1400,728290,1489.1
2025-10-06,804,729094,1414.6
2025-10-07,2757,731851,1574.7
2025-10-08,7697,739548,2460.0
2025-10-09,628,740176,2231.0
2025-10-10,388,740564,2177.6
2025-10-11,221,740785,1985.0
2025-10-12,307,741092,1828.9
2025-10-13,324,741416,1760.3
2025-10-14,396,741812,1423.0
2025-10-15,541,742353,400.7
2025-10-16,2238,744591,630.7
2025-10-17,21128,765719,3593.6
2025-10-18,3592,769311,4075.1
2025-10-19,2192,771503,4344.4
2025-10-20,480,771983,4366.7
2025-10-21,270,772253,4348.7
2025-10-22,1136,773389,4433.7
2025-10-23,34,773423,4118.9
2025-10-24,35,773458,1105.6
2025-10-25,41,773499,598.3
2025-10-26,240,773739,319.4
2025-10-27,876,774615,376.0
2025-10-28,370,774985,390.3
2025-10-29,3,774988,228.4
2025-10-30,1284,776272,407.0
2025-10-31,993,777265,543.9
2025-11-01,74,777339,548.6
2025-11-02,510,777849,587.1
2025-11-03,690,778539,560.6
2025-11-04,3518,782057,1010.3
2025-11-05,316,782373,1055.0
2025-11-06,906,783279,1001.0
2025-11-07,1139,784418,1021.9
2025-11-08,3137,787555,1459.4
2025-11-09,406,787961,1444.6
2025-11-10,135,788096,1365.3
2025-11-11,166,788262,886.4
2025-11-12,116,788378,857.9
2025-11-13,54,788432,736.1
2025-11-14,386,788818,628.6
2025-11-15,2,788820,180.7
2025-11-16,384,789204,177.6
2025-11-17,139,789343,178.1
2025-11-18,330,789673,201.6
2025-11-19,275,789948,224.3
2025-11-20,2329,792277,549.3
2025-11-21,961,793238,631.4
2025-11-22,796,794034,744.9
2025-11-23,361,794395,741.6
2025-11-24,31,794426,726.1
2025-11-25,239,794665,713.1
2025-11-26,260,794925,711.0
2025-11-27,34,794959,383.1
2025-11-28,248,795207,281.3
2025-11-29,13,795220,169.4
2025-11-30,490,795710,187.9
2025-12-01,1362,797072,378.0
2025-12-02,310,797382,388.1
2025-12-03,443,797825,414.3
2025-12-04,199,798024,437.9
2025-12-05,91,798115,415.4
2025-12-06,765,798880,522.9
2025-12-07,829,799709,571.3
2025-12-08,411,800120,435.4
2025-12-09,388,800508,446.6
2025-12-10,220,800728,414.7
2025-12-11,555,801283,465.6
2025-12-12,641,801924,544.1
2025-12-13,412,802336,493.7
2025-12-14,421,802757,435.4
2025-12-15,166,802923,400.4
2025-12-16,8588,811511,1571.9
2025-12-17,522,812033,1615.0
2025-12-19,2682,814715,1918.9
2025-12-22,110,814825,1843.0
2025-12-23,287,815112,1825.1
2025-12-24,2385,817497,2105.7
2025-12-25,2155,819652,2389.9
2025-12-26,2219,821871,1480.0
2025-12-27,1847,823718,1669.3
2025-12-28,1884,825602,1555.3
2025-12-29,3419,829021,2028.0
2025-12-30,6386,835407,2899.3
2025-12-31,11,835418,2560.1
2026-01-02,2293,837711,2579.9
2026-01-04,312,838023,2307.4
2026-01-05,4715,842738,2717.1
2026-01-06,1907,844645,2720.4
2026-01-07,85,844730,2244.1
2026-01-08,117,844847,1348.6
2026-01-09,461,845308,1412.9
2026-01-11,43,845351,1091.4
2026-01-12,532,845883,1122.9
2026-01-13,213,846096,479.7
2026-01-14,710,846806,308.7
2026-01-15,640,847446,388.0
2026-01-16,879,848325,496.9
2026-01-17,2636,850961,807.6
2026-01-18,1910,852871,1074.3
2026-01-19,776,853647,1109.1
2026-01-20,316,853963,1123.9
2026-01-21,1571,855534,1246.9
2026-01-22,2223,857757,1473.0
2026-01-23,611,858368,1434.7
2026-01-24,3673,862041,1582.9
2026-01-25,2704,864745,1696.3
2026-01-26,70,864815,1595.4
2026-01-27,773,865588,1660.7
2026-01-28,1465,867053,1645.6
2026-01-29,697,867750,1427.6
2026-01-30,121,867871,1357.6
2026-01-31,18,867889,835.4
2026-02-01,327,868216,495.9
2026-02-02,195,868411,513.7
2026-02-03,99,868510,417.4
2026-02-04,928,869438,340.7
2026-02-05,19,869457,243.9
2026-02-06,117,869574,243.3
2026-02-09,17,869591,243.1
2026-02-10,40,869631,202.1
2026-02-11,29,869660,178.4
2026-02-12,10,869670,165.7
2026-02-13,30,869700,37.4
2026-02-14,10,869710,36.1
2026-02-16,98,869808,33.4
2026-02-17,53,869861,38.6
2026-02-20,22,869883,36.0
2026-02-22,15,869898,34.0
2026-03-03,3,869901,33.0
2026-03-04,1,869902,28.9
